"municipality","2007","2008","2009","2010","2011","2012","2013","2014","2015","2016","2017","2018","2019","2020","2021","2022","2023","2024","Total"
"110001 ALTA FLORESTA D'OESTE",-,1,-,-,-,-,-,-,-,-,-,-,-,-,-,-,-,-,1
"110004 CACOAL",-,1,-,-,-,-,-,-,-,-,-,-,1,-,-,-,-,-,2
"110011 JARU",-,-,-,-,-,-,-,-,-,-,-,-,-,-,-,1,-,-,1
"110012 JI-PARANA",-,-,-,-,-,-,-,-,-,-,-,1,-,-,-,-,-,-,1
"110020 PORTO VELHO",-,-,-,-,-,-,-,-,-,-,-,2,-,-,-,1,-,-,3
"110030 VILHENA",-,-,-,-,-,-,-,-,-,-,-,1,-,6,-,-,-,-,7
"110032 SAO MIGUEL DO GUAPORE",2,-,-,-,-,-,-,-,-,-,-,-,-,-,-,-,-,-,2
"110143 NOVA UNIAO",-,-,-,1,-,-,-,-,-,-,-,-,-,-,-,-,-,-,1
"110146 PIMENTEIRAS DO OESTE",-,4,-,-,-,-,-,-,-,-,-,-,-,-,-,-,-,-,4
"130008 ANAMA",-,-,-,-,-,-,-,-,-,-,-,7,-,-,-,-,-,-,7
"130010 ANORI",-,-,-,-,-,-,-,-,-,-,-,1,-,-,-,-,-,-,1
"130020 ATALAIA DO NORTE",-,-,-,-,-,-,-,-,-,-,-,3,-,-,-,-,-,-,3
"130030 AUTAZES",-,-,-,-,-,-,-,-,-,-,-,25,-,-,-,-,-,-,25
"130040 BARCELOS",-,-,-,-,-,-,-,-,-,-,-,2,-,-,-,-,-,-,2
"130063 BERURI",-,-,-,-,-,-,-,-,-,-,-,12,-,-,-,-,-,-,12
"130080 BORBA",-,-,-,-,-,-,-,-,-,-,-,1,-,-,-,-,-,-,1
"130083 CAAPIRANGA",-,-,-,-,-,-,-,-,-,-,-,4,-,-,-,-,-,-,4
"130100 CARAUARI",-,-,-,-,-,-,-,-,-,-,-,1,-,-,-,-,-,-,1
"130110 CAREIRO",-,-,-,-,-,-,-,-,-,-,-,11,-,-,-,-,-,-,11
"130115 CAREIRO DA VARZEA",-,-,-,-,-,-,-,-,-,-,-,5,-,-,-,-,-,-,5
"130120 COARI",-,-,-,-,-,-,-,-,-,-,-,100,3,-,-,-,-,-,103
"130130 CODAJAS",-,-,-,-,-,-,-,-,-,-,-,14,-,-,-,-,-,-,14
"130160 FONTE BOA",-,-,-,-,-,-,-,-,-,-,-,1,-,-,-,-,-,-,1
"130185 IRANDUBA",-,-,-,-,-,-,-,-,-,-,-,17,-,-,-,-,-,-,17
"130190 ITACOATIARA",-,-,-,-,-,-,-,-,-,-,-,140,-,-,-,-,-,-,140
"130200 ITAPIRANGA",-,-,-,-,-,-,-,-,-,-,-,1,-,-,-,-,-,-,1
"130220 JURUA",-,-,-,-,-,-,-,-,-,-,-,57,-,-,-,-,-,-,57
"130230 JUTAI",-,-,-,-,-,-,-,-,-,-,-,2,-,-,-,-,-,-,2
"130240 LABREA",-,-,-,-,-,-,-,-,-,-,-,6,-,-,-,-,-,-,6
"130250 MANACAPURU",-,-,-,-,-,-,-,-,-,-,-,893,-,-,-,-,-,-,893
"130255 MANAQUIRI",-,-,-,-,-,-,-,-,-,-,-,7,-,-,-,-,-,-,7
"130260 MANAUS",-,-,-,-,-,-,-,-,-,-,-,7297,3,5,-,-,-,-,7305
"130270 MANICORE",-,-,-,-,-,-,-,-,-,-,-,1,-,-,-,-,-,-,1
"130290 MAUES",-,-,-,-,-,-,-,-,-,-,-,29,-,-,-,-,-,-,29
"130300 NHAMUNDA",-,-,-,-,-,-,-,-,-,-,-,6,-,-,-,-,-,-,6
"130310 NOVA OLINDA DO NORTE",-,-,-,-,-,-,-,-,-,-,-,4,-,-,-,-,-,-,4
"130320 NOVO AIRAO",-,-,-,-,-,-,-,-,-,-,-,26,-,-,-,-,-,-,26
"130330 NOVO ARIPUANA",-,-,-,-,-,-,-,-,-,-,-,3,-,-,-,-,-,-,3
"130340 PARINTINS",-,-,-,-,-,-,-,-,-,-,-,17,-,-,-,-,-,-,17
"130353 PRESIDENTE FIGUEIREDO",-,-,-,-,-,-,-,-,-,-,-,19,-,-,-,-,-,-,19
"130356 RIO PRETO DA EVA",-,-,-,-,-,-,-,-,-,-,-,26,-,-,-,-,-,-,26
"130380 SAO GABRIEL DA CACHOEIRA",-,-,-,-,-,-,-,-,-,-,-,1,-,-,-,-,-,-,1
"130406 TABATINGA",-,-,-,-,-,-,-,-,-,-,-,1,-,-,-,-,-,-,1
"130410 TAPAUA",-,-,-,-,-,-,-,-,-,-,-,5,-,-,-,-,-,-,5
"130420 TEFE",-,-,-,-,-,-,-,-,-,-,-,37,-,-,-,-,-,-,37
"130423 TONANTINS",-,-,-,-,-,-,-,-,-,-,-,3,-,-,-,-,-,-,3
"130430 URUCARA",-,-,-,-,-,-,-,-,-,-,-,1,-,-,-,-,-,-,1
"140002 AMAJARI",-,-,-,-,-,-,-,-,-,-,-,94,-,-,-,-,-,-,94
"140010 BOA VISTA",-,-,-,-,-,-,-,-,1,-,-,194,1,-,-,-,-,-,196
"140017 CANTA",-,-,-,-,-,-,-,-,-,-,-,3,-,-,-,-,-,-,3
"140020 CARACARAI",-,-,-,-,-,-,-,-,-,-,-,1,-,-,-,-,-,-,1
"140030 MUCAJAI",-,-,-,-,-,-,-,-,-,-,-,1,-,-,-,-,-,-,1
"140045 PACARAIMA",-,-,-,-,-,-,-,-,-,-,-,58,-,-,-,-,-,-,58
"140047 RORAINOPOLIS",-,-,-,-,-,-,-,-,-,-,-,13,-,-,-,-,-,-,13
"140050 SAO JOAO DA BALIZA",-,-,-,-,-,-,-,-,-,-,-,2,-,-,-,-,-,-,2
"150010 ABAETETUBA",-,-,-,-,1,-,-,-,-,-,-,-,1,199,-,-,-,-,201
"150020 ACARA",1,-,-,-,-,-,-,-,-,-,-,-,-,32,-,-,-,-,33
"150030 AFUA",-,-,-,-,-,-,-,-,-,-,-,-,-,43,92,-,-,-,135
"150040 ALENQUER",1,-,-,-,-,-,-,-,-,-,-,1,-,-,-,-,-,-,2
"150070 ANAJAS",-,-,-,-,-,-,-,-,-,-,-,-,-,3,-,-,-,-,3
"150080 ANANINDEUA",-,39,-,1,-,-,-,-,-,-,-,-,76,917,-,-,-,-,1033
"150090 AUGUSTO CORREA",-,-,-,-,-,-,-,-,-,-,-,-,-,96,-,-,-,-,96
"150095 AURORA DO PARA",-,1,-,-,-,-,-,-,-,-,-,-,-,1,-,-,-,-,2
"150110 BAGRE",-,-,-,-,-,-,-,-,-,-,-,-,-,79,-,-,-,-,79
"150125 BANNACH",-,-,-,-,-,-,-,-,-,-,-,-,-,-,1,-,-,-,1
"150130 BARCARENA",-,2,-,-,-,-,-,-,-,-,-,-,1,65,-,-,-,-,68
"150140 BELEM",2,16,-,5,-,-,-,-,-,-,-,10,180,1352,2,-,-,-,1567
"150150 BENEVIDES",-,-,-,-,-,-,-,-,-,-,-,-,3,51,-,-,-,-,54
"150160 BONITO",-,-,-,-,-,-,-,-,-,-,-,-,-,1,-,-,-,-,1
"150170 BRAGANCA",-,-,-,-,-,-,-,-,-,-,-,-,-,54,-,-,-,-,54
"150175 BREJO GRANDE DO ARAGUAIA",-,-,-,-,-,-,-,-,-,-,-,-,1,-,-,-,-,-,1
"150180 BREVES",-,-,-,-,-,-,-,-,-,-,-,-,-,198,1,-,-,-,199
"150200 CACHOEIRA DO ARARI",-,-,-,-,-,-,-,-,-,-,-,-,-,6,-,-,-,-,6
"150210 CAMETA",-,2,-,-,-,-,-,-,-,-,-,-,-,134,1,-,-,-,137
"150215 CANAA DOS CARAJAS",-,-,-,-,-,-,-,-,-,-,-,-,-,4,-,-,-,-,4
"150220 CAPANEMA",1,-,-,-,-,-,-,-,-,-,-,-,-,16,-,-,-,-,17
"150230 CAPITAO POCO",-,-,-,-,-,-,-,-,-,-,-,-,-,2,-,-,-,-,2
"150240 CASTANHAL",1,7,-,-,-,-,-,-,-,-,-,-,18,56,3,-,-,-,85
"150250 CHAVES",-,-,-,-,-,-,-,-,-,-,-,-,-,5,4,-,-,-,9
"150275 CONCORDIA DO PARA",-,1,1,-,-,-,-,-,-,-,-,-,-,8,1,-,-,-,11
"150280 CURRALINHO",-,-,-,-,-,-,-,-,-,-,-,-,-,1,-,-,-,-,1
"150285 CURUA",-,-,-,-,-,-,-,-,-,-,-,7,-,1,-,-,-,-,8
"150290 CURUCA",2,-,-,-,-,-,-,-,-,-,-,-,-,38,-,-,-,-,40
"150300 FARO",-,-,-,-,-,-,-,-,-,-,-,1,-,-,-,-,-,-,1
"150304 FLORESTA DO ARAGUAIA",-,-,-,-,-,-,-,-,-,-,-,-,1,-,-,-,-,-,1
"150307 GARRAFAO DO NORTE",-,-,-,-,-,-,-,-,-,-,-,-,-,3,-,-,-,-,3
"150309 GOIANESIA DO PARA",-,-,-,-,-,-,-,-,-,-,-,-,-,3,-,-,-,-,3
"150310 GURUPA",2,-,-,-,-,-,-,-,-,-,-,-,-,-,-,-,-,-,2
"150320 IGARAPE-ACU",-,-,-,-,-,-,-,-,-,-,-,-,1,17,-,-,-,-,18
"150330 IGARAPE-MIRI",-,-,-,-,-,-,-,-,-,-,-,-,9,111,-,-,-,-,120
"150340 INHANGAPI",-,-,-,-,-,-,-,-,-,-,-,-,-,4,1,-,-,-,5
"150345 IPIXUNA DO PARA",-,-,-,-,-,-,-,-,-,-,-,-,-,2,-,-,-,-,2
"150350 IRITUIA",2,7,-,-,-,-,-,-,-,-,-,-,-,4,-,-,-,-,13
"150360 ITAITUBA",1,-,-,-,-,-,-,-,-,-,-,3,-,-,-,-,-,-,4
"150370 ITUPIRANGA",-,-,-,-,-,-,-,-,-,-,-,-,1,-,-,-,-,-,1
"150375 JACAREACANGA",-,-,-,-,-,-,-,-,-,-,-,3,-,-,-,-,-,-,3
"150380 JACUNDA",-,13,-,-,-,-,-,-,-,-,-,-,-,-,-,-,-,-,13
"150390 JURUTI",-,36,-,-,-,-,-,-,-,-,-,6,1,-,-,-,-,-,43
"150400 LIMOEIRO DO AJURU",-,-,-,-,-,-,-,-,-,-,-,-,-,34,-,-,-,-,34
"150405 MAE DO RIO",-,-,-,-,-,-,-,-,-,-,-,-,-,76,-,-,-,-,76
"150420 MARABA",-,4,-,-,-,-,-,-,-,-,-,-,45,115,-,-,-,-,164
"150430 MARACANA",-,-,-,-,-,-,-,-,-,-,-,-,-,1,-,-,-,-,1
"150440 MARAPANIM",1,-,-,-,-,-,-,-,-,-,-,-,-,-,-,-,-,-,1
"150442 MARITUBA",2,13,-,-,-,-,-,-,-,-,-,-,10,153,3,-,-,-,181
"150450 MELGACO",-,-,-,-,-,-,-,-,-,-,-,-,-,34,-,-,-,-,34
"150460 MOCAJUBA",-,-,-,-,-,-,-,-,-,-,-,-,-,32,-,-,-,-,32
"150470 MOJU",-,-,-,-,-,-,-,-,-,-,-,-,1,136,-,-,-,-,137
"150480 MONTE ALEGRE",-,2,-,-,-,-,-,-,-,-,-,7,14,4,-,-,-,-,27
"150490 MUANA",-,-,-,-,-,-,-,-,-,-,-,-,-,19,-,-,-,-,19
"150495 NOVA ESPERANCA DO PIRIA",-,-,-,-,-,-,-,-,-,-,-,-,-,1,-,-,-,-,1
"150497 NOVA IPIXUNA",-,2,-,-,-,-,-,-,-,-,-,-,-,-,-,-,-,-,2
"150506 NOVO REPARTIMENTO",-,1,-,-,-,-,-,-,-,-,-,-,-,36,-,-,-,-,37
"150510 OBIDOS",1,1,-,-,-,-,-,-,-,-,-,-,-,-,-,-,-,-,2
"150520 OEIRAS DO PARA",-,-,-,-,-,-,-,-,-,-,-,-,-,9,1,-,-,-,10
"150530 ORIXIMINA",-,10,-,-,-,-,-,-,-,-,-,-,-,-,-,-,-,-,10
"150548 PACAJA",-,-,-,-,-,-,-,-,-,-,-,-,-,2,-,-,-,-,2
"150550 PARAGOMINAS",-,20,-,-,-,-,-,-,-,-,-,-,1,51,-,-,-,-,72
"150553 PARAUAPEBAS",-,33,2,-,-,-,-,-,-,-,-,-,-,80,-,-,-,-,115
"150570 PONTA DE PEDRAS",-,-,-,-,-,-,-,-,-,-,-,-,2,10,-,-,-,-,12
"150580 PORTEL",-,-,-,-,-,-,-,-,-,-,-,-,-,125,2,-,-,-,127
"150590 PORTO DE MOZ",-,-,-,-,-,-,-,-,-,-,-,-,-,-,2,-,-,-,2
"150600 PRAINHA",-,109,-,-,-,-,-,-,-,-,-,3,37,-,-,-,-,-,149
"150610 PRIMAVERA",-,-,-,-,-,-,-,-,-,-,-,-,-,1,1,-,-,-,2
"150613 REDENCAO",-,4,-,-,-,-,-,-,-,-,-,-,-,1,-,-,-,-,5
"150620 SALINOPOLIS",-,-,-,-,-,-,-,-,-,-,-,-,-,54,-,-,-,-,54
"150630 SALVATERRA",-,-,-,-,-,-,-,-,-,-,-,-,-,1,-,-,-,-,1
"150635 SANTA BARBARA DO PARA",-,2,-,-,-,-,-,-,-,-,-,-,4,10,-,-,-,-,16
"150640 SANTA CRUZ DO ARARI",-,-,-,-,-,-,-,-,-,-,-,-,-,31,-,-,-,-,31
"150650 SANTA IZABEL DO PARA",-,13,-,-,-,-,-,-,-,-,-,-,1,18,-,-,-,-,32
"150660 SANTA MARIA DO PARA",-,-,-,-,-,-,-,-,-,-,-,-,-,4,-,-,-,-,4
"150670 SANTANA DO ARAGUAIA",-,-,1,-,-,-,-,-,-,-,-,-,-,-,-,-,-,-,1
"150680 SANTAREM",-,21,-,-,-,-,-,-,-,-,-,42,4,1,-,-,-,-,68
"150700 SANTO ANTONIO DO TAUA",-,-,-,-,-,-,-,-,-,-,-,-,-,3,-,-,-,-,3
"150715 SAO DOMINGOS DO ARAGUAIA",-,-,-,-,-,-,-,-,-,-,-,-,-,2,-,-,-,-,2
"150720 SAO DOMINGOS DO CAPIM",1,-,-,-,-,-,-,-,-,-,-,-,-,37,-,-,-,-,38
"150747 SAO JOAO DE PIRABAS",-,-,-,-,-,-,-,-,-,-,-,-,-,9,-,-,-,-,9
"150750 SAO JOAO DO ARAGUAIA",-,-,-,-,-,-,-,-,-,-,-,-,-,1,-,-,-,-,1
"150760 SAO MIGUEL DO GUAMA",-,-,-,-,-,-,-,-,-,-,-,-,-,10,-,-,-,-,10
"150770 SAO SEBASTIAO DA BOA VISTA",-,-,-,-,-,-,-,-,-,-,-,-,-,30,-,-,-,-,30
"150780 SENADOR JOSE PORFIRIO",-,-,-,-,-,-,-,-,-,-,-,-,-,19,-,-,-,-,19
"150790 SOURE",-,-,-,-,-,-,-,-,-,-,-,-,-,9,-,-,-,-,9
"150795 TAILANDIA",-,-,-,-,-,-,-,-,-,-,-,-,-,88,-,-,-,-,88
"150796 TERRA ALTA",-,-,-,-,-,-,-,-,-,-,-,-,-,1,-,-,-,-,1
"150797 TERRA SANTA",-,-,-,-,-,-,-,-,-,-,-,1,-,-,-,-,-,-,1
"150800 TOME-ACU",-,-,-,-,-,-,-,-,-,-,-,-,-,5,-,-,-,-,5
"150803 TRACUATEUA",-,-,-,-,-,-,-,-,-,-,-,-,-,20,-,-,-,-,20
"150808 TUCUMA",-,-,-,-,-,-,-,-,-,-,-,-,-,-,-,-,-,1,1
"150810 TUCURUI",-,3,-,-,-,-,-,-,-,-,-,-,-,6,-,-,-,-,9
"150812 ULIANOPOLIS",-,-,-,-,-,-,-,-,-,-,-,-,-,3,-,-,-,-,3
"150815 URUARA",-,1,-,-,-,-,-,-,-,-,-,-,-,-,-,-,-,-,1
"150820 VIGIA",-,-,-,-,-,-,-,-,-,-,-,-,1,3,1,-,-,-,5
"150830 VISEU",-,-,-,-,-,-,-,-,-,-,-,-,1,57,-,-,-,-,58
"160015 PEDRA BRANCA DO AMAPARI",-,-,-,-,-,-,-,-,-,-,-,-,-,-,2,-,-,-,2
"160021 CUTIAS",-,-,-,-,-,-,-,-,-,-,-,-,-,-,2,-,-,-,2
"160023 FERREIRA GOMES",-,-,-,-,-,-,-,-,-,-,-,-,-,2,-,-,-,-,2
"160025 ITAUBAL",-,-,-,-,-,-,-,-,-,-,-,-,-,-,1,-,-,-,1
"160030 MACAPA",-,38,-,-,-,-,-,-,-,-,-,-,2,175,445,22,-,1,683
"160040 MAZAGAO",-,1,-,-,-,-,-,-,-,-,-,-,-,3,9,1,-,-,14
"160050 OIAPOQUE",-,-,-,-,-,-,-,-,-,-,-,-,-,2,14,2,-,-,18
"160053 PORTO GRANDE",-,-,-,-,-,-,-,-,-,-,-,-,-,-,4,-,-,-,4
"160060 SANTANA",-,7,-,-,-,-,-,-,-,-,-,-,-,136,74,7,-,-,224
"160070 TARTARUGALZINHO",-,-,-,-,-,-,-,-,-,-,-,-,-,1,3,-,-,-,4
"160080 VITORIA DO JARI",-,-,-,-,-,-,-,-,-,-,-,-,-,-,1,-,-,-,1
"170200 ARAGUACU",-,3,-,-,-,-,-,-,-,-,-,-,-,-,-,-,-,-,3
"170210 ARAGUAINA",-,-,-,-,-,-,-,-,-,-,-,-,-,1,-,-,-,-,1
"170320 BERNARDO SAYAO",-,-,-,-,-,-,-,-,-,-,1,-,-,-,-,-,-,-,1
"170550 COLINAS DO TOCANTINS",-,1,-,-,-,-,-,-,-,-,-,-,-,-,-,-,-,-,1
"170730 DUERE",1,-,-,-,-,-,-,-,-,-,-,-,-,-,-,-,-,-,1
"170950 GURUPI",-,1,-,-,-,-,-,-,-,-,-,-,-,-,-,-,-,-,1
"171575 PALMEIROPOLIS",18,-,-,-,-,-,-,-,-,-,-,-,-,-,-,-,-,-,18
"171610 PARAISO DO TOCANTINS",-,1,-,-,-,-,-,-,-,-,-,-,-,-,-,-,-,-,1
"171660 PEIXE",2,-,-,-,-,-,-,-,-,-,-,-,-,-,-,-,-,-,2
"171820 PORTO NACIONAL",-,-,-,-,-,-,-,-,-,-,-,-,-,2,-,-,-,-,2
"172025 SAO SALVADOR DO TOCANTINS",9,-,-,-,-,-,-,-,-,-,-,-,-,-,-,-,-,-,9
"172100 PALMAS",2,2,-,-,-,-,-,-,-,1,-,-,-,-,-,-,-,-,5
"172120 TOCANTINOPOLIS",1,-,-,-,-,-,-,-,-,-,-,-,-,-,-,-,-,-,1
"210005 ACAILANDIA",3,8,-,-,-,-,-,-,-,-,-,-,-,-,-,-,-,-,11
"210015 AGUA DOCE DO MARANHAO",1,-,-,-,-,-,-,-,-,-,-,-,-,-,-,-,-,-,1
"210120 BACABAL",-,-,-,-,-,-,-,-,-,-,-,-,1,-,-,-,-,-,1
"210140 BALSAS",1,10,-,-,-,-,-,-,-,-,-,-,-,-,-,-,-,-,11
"210150 BARAO DE GRAJAU",-,1,-,-,-,-,-,-,-,-,-,-,-,-,-,-,-,-,1
"210160 BARRA DO CORDA",1,1,-,-,-,-,-,-,-,-,-,-,-,-,-,-,-,-,2
"210203 BOM JESUS DAS SELVAS",-,-,-,-,-,-,-,-,-,-,-,-,-,1,-,-,-,-,1
"210290 CARUTAPERA",-,-,-,-,-,-,-,-,-,-,-,-,-,19,-,-,-,-,19
"210300 CAXIAS",-,-,-,-,-,-,-,-,-,-,-,-,1,-,-,-,-,-,1
"210310 CEDRAL",-,2,-,-,-,-,-,-,-,-,-,-,-,-,-,-,-,-,2
"210330 CODO",-,-,-,-,2,-,-,-,-,-,-,-,-,-,-,-,-,-,2
"210530 IMPERATRIZ",1,-,-,-,-,-,-,-,-,-,-,-,-,-,-,1,-,-,2
"210570 LAGO DA PEDRA",-,3,-,-,-,-,-,-,-,-,-,-,1,-,-,-,-,-,4
"210600 LIMA CAMPOS",-,-,-,-,-,-,-,-,-,-,-,-,1,-,-,-,-,-,1
"210675 MIRANDA DO NORTE",1,-,-,-,-,-,-,-,-,-,-,-,-,-,-,-,-,-,1
"210750 PACO DO LUMIAR",-,26,1,-,-,-,-,-,-,-,-,-,-,-,-,-,-,-,27
"210820 PEDREIRAS",-,-,-,-,-,-,-,-,-,-,-,-,1,-,-,-,-,-,1
"210840 PERI MIRIM",-,1,-,-,-,-,-,-,-,-,-,-,-,-,-,-,-,-,1
"210945 RAPOSA",-,14,-,-,-,-,-,-,-,-,-,-,-,-,-,-,-,-,14
"210990 SANTA INES",-,8,-,-,-,-,-,-,-,-,-,-,-,-,-,-,-,-,8
"211040 SAO BENEDITO DO RIO PRETO",-,1,-,-,-,-,-,-,-,-,-,-,-,-,-,-,-,-,1
"211120 SAO JOSE DE RIBAMAR",-,8,-,-,-,-,-,-,-,-,-,-,-,-,-,-,-,-,8
"211130 SAO LUIS",1,77,-,-,-,-,-,-,-,-,-,-,4,-,-,-,-,-,82
"211300 VITORINO FREIRE",-,-,-,-,-,-,-,-,-,-,-,-,1,-,-,-,-,-,1
"220110 AVELINO LOPES",-,-,-,-,-,-,-,-,-,-,-,1,-,-,-,-,-,-,1
"220213 CAMPO GRANDE DO PIAUI",-,-,-,-,-,-,-,-,-,-,-,-,1,-,-,-,-,-,1
"220220 CAMPO MAIOR",1,1,-,-,-,-,-,-,-,-,-,-,-,-,-,-,-,-,2
"220557 LAGOA DE SAO FRANCISCO",-,-,-,-,-,-,-,-,-,-,-,-,3,-,-,-,-,-,3
"220600 MARCOS PARENTE",-,-,-,-,-,-,-,-,-,-,-,-,1,-,-,-,-,-,1
"220635 MILTON BRANDAO",-,-,-,-,-,-,-,-,-,-,-,-,-,-,-,1,-,-,1
"220770 PARNAIBA",1,-,-,-,-,-,-,-,-,-,-,-,1,-,-,-,-,-,2
"220800 PICOS",-,-,-,-,-,-,-,-,-,-,-,1,2,-,-,-,-,-,3
"220840 PIRIPIRI",-,-,-,-,-,-,-,-,-,-,-,-,2,-,-,-,-,-,2
"220995 SAO JOAO DA VARJOTA",-,-,-,-,-,-,-,-,-,-,-,-,-,-,-,1,-,-,1
"221070 SIMOES",-,-,-,-,-,-,-,-,-,-,-,-,1,-,-,-,-,-,1
"221100 TERESINA",-,-,-,-,1,-,-,-,1,-,-,-,2,2,-,-,-,-,6
"230015 ACARAPE",-,-,-,-,-,-,-,-,-,-,-,-,1,-,-,-,-,-,1
"230030 ACOPIARA",1,1,-,-,-,-,-,-,-,-,-,-,-,-,-,-,-,-,2
"230075 AMONTADA",-,-,-,-,-,-,-,1,-,-,-,-,-,-,-,-,-,-,1
"230100 AQUIRAZ",-,-,-,-,-,-,-,-,1,-,-,-,-,-,-,-,-,-,1
"230110 ARACATI",-,-,-,-,-,-,-,2,-,-,-,-,-,-,-,-,-,-,2
"230140 ARATUBA",3,-,-,-,-,-,-,-,1,-,-,-,-,-,-,-,-,-,4
"230185 BANABUIU",1,4,-,-,-,-,-,-,-,-,-,-,-,-,-,-,-,-,5
"230190 BARBALHA",-,-,-,-,-,-,-,-,-,-,-,-,-,-,-,-,-,1,1
"230195 BARREIRA",-,-,-,-,-,-,-,1,-,-,-,-,-,-,-,-,-,-,1
"230220 BEBERIBE",-,2,-,-,-,-,-,-,1,-,-,-,-,-,-,-,-,-,3
"230240 BOA VIAGEM",2,-,-,-,-,-,-,-,-,-,-,-,-,-,-,-,-,-,2
"230260 CAMOCIM",-,-,-,-,-,-,-,1,-,-,-,-,-,-,-,-,-,-,1
"230280 CANINDE",1,-,-,-,-,-,-,-,-,-,-,-,-,-,-,-,-,-,1
"230290 CAPISTRANO",-,-,-,-,-,-,-,-,-,-,-,-,1,-,-,-,-,-,1
"230310 CARIRE",-,-,-,-,-,-,-,-,-,-,-,-,-,6,-,-,-,-,6
"230350 CASCAVEL",3,1,-,-,-,-,-,-,-,-,-,-,-,-,-,-,-,-,4
"230360 CATARINA",-,1,-,-,-,-,-,-,-,-,-,-,-,-,-,-,-,-,1
"230370 CAUCAIA",5,5,2,-,-,-,-,16,73,-,-,-,-,-,-,-,-,-,101
"230395 CHOROZINHO",10,2,-,-,-,-,-,-,-,-,-,-,-,-,-,-,-,-,12
"230400 COREAU",-,-,-,-,-,-,-,6,-,-,-,-,-,-,-,-,-,-,6
"230420 CRATO",-,-,-,-,-,-,-,-,-,-,-,-,-,-,1,-,-,-,1
"230428 EUSEBIO",-,-,-,-,-,-,-,1,1,-,-,-,1,-,-,-,-,-,3
"230430 FARIAS BRITO",1,-,-,-,-,-,-,-,-,-,-,-,-,1,-,-,-,-,2
"230435 FORQUILHA",-,-,-,-,-,-,-,17,-,-,-,-,-,-,-,-,-,-,17
"230440 FORTALEZA",55,21,-,2,-,1,-,430,103,2,-,-,7,-,-,1,-,1,623
"230445 FORTIM",1,-,-,-,-,-,-,-,-,-,-,-,-,-,-,-,-,-,1
"230450 FRECHEIRINHA",-,-,-,-,-,-,-,-,-,-,-,-,1,-,-,-,-,-,1
"230470 GRANJA",-,-,-,-,-,1,-,1,-,-,-,-,-,-,-,-,-,-,2
"230495 GUAIUBA",-,-,-,-,-,-,-,-,1,-,-,-,-,-,-,-,-,-,1
"230500 GUARACIABA DO NORTE",1,1,-,-,-,-,-,-,-,-,-,-,-,-,-,-,-,-,2
"230520 HIDROLANDIA",-,-,-,-,-,-,-,1,-,-,-,-,-,-,-,-,-,-,1
"230523 HORIZONTE",118,1,1,-,-,-,-,-,1,-,-,-,-,-,-,-,-,-,121
"230533 IBICUITINGA",-,-,-,-,-,-,-,-,1,-,-,-,-,-,-,-,-,-,1
"230540 ICO",-,-,-,-,-,-,-,-,-,-,-,-,1,-,-,-,-,-,1
"230550 IGUATU",1,-,-,-,-,-,-,-,-,-,-,-,-,-,-,1,-,-,2
"230590 IPUEIRAS",4,-,-,-,-,-,-,-,-,-,-,-,-,-,-,-,-,-,4
"230610 IRAUCUBA",-,1,-,-,-,-,-,-,-,-,-,-,-,-,-,-,-,-,1
"230625 ITAITINGA",-,-,-,-,-,-,-,2,1,-,-,-,-,-,-,-,-,-,3
"230640 ITAPIPOCA",1,-,-,-,-,-,-,1,-,-,-,-,-,-,-,-,-,-,2
"230660 ITATIRA",1,-,-,-,-,-,-,-,-,-,-,-,-,-,-,-,-,-,1
"230680 JAGUARIBARA",1,-,-,-,-,-,-,-,-,-,-,-,-,-,-,-,-,-,1
"230690 JAGUARIBE",-,-,-,-,-,-,-,2,-,-,-,-,-,-,-,-,-,-,2
"230750 LAVRAS DA MANGABEIRA",-,-,-,-,-,-,-,2,-,-,-,-,-,-,-,-,-,-,2
"230765 MARACANAU",8,2,-,1,-,-,-,9,3,-,-,-,1,-,-,-,-,-,24
"230770 MARANGUAPE",-,-,-,-,-,-,-,7,-,-,-,-,1,-,-,-,-,-,8
"230780 MARCO",-,1,-,-,-,-,-,-,-,-,-,-,-,-,-,-,-,-,1
"230790 MARTINOPOLE",-,-,-,-,-,-,-,5,-,-,-,-,-,-,-,-,-,-,5
"230800 MASSAPE",-,-,-,-,-,-,-,129,-,-,-,-,-,-,2,-,-,-,131
"230810 MAURITI",-,-,1,-,-,-,-,-,-,-,-,-,-,-,-,-,-,-,1
"230820 MERUOCA",-,-,-,-,-,-,-,5,-,-,-,-,-,-,-,-,-,-,5
"230870 MORADA NOVA",7,-,-,-,-,-,-,-,-,-,-,-,-,-,-,-,-,-,7
"230880 MORAUJO",-,-,-,-,-,-,-,1,-,-,-,-,-,-,-,-,-,-,1
"230890 MORRINHOS",-,-,-,-,-,-,-,-,-,-,-,-,-,-,-,1,-,-,1
"230900 MUCAMBO",-,-,-,-,-,-,-,2,1,-,-,-,-,-,-,-,-,-,3
"230945 OCARA",3,-,-,-,-,-,-,-,-,-,-,-,-,-,-,-,-,-,3
"230960 PACAJUS",63,-,1,-,-,-,-,-,1,-,-,-,-,-,-,-,-,-,65
"231020 PARACURU",-,1,-,-,-,-,-,-,4,-,-,-,1,-,-,-,-,-,6
"231070 PENTECOSTE",1,2,-,-,-,-,-,-,1,-,-,-,-,-,-,-,-,-,4
"231085 PINDORETAMA",-,-,-,-,-,-,-,-,1,-,-,-,-,-,-,-,-,-,1
"231110 PORTEIRAS",3,-,-,-,-,-,1,-,-,-,-,-,-,-,-,-,-,-,4
"231126 QUITERIANOPOLIS",1,-,-,-,-,-,-,-,-,-,-,-,-,-,-,-,-,-,1
"231140 QUIXERAMOBIM",-,59,-,-,-,-,-,-,-,-,-,-,-,-,-,-,-,-,59
"231170 RERIUTABA",5,-,-,-,-,-,-,-,-,-,-,-,-,-,-,1,-,-,6
"231195 SALITRE",-,-,-,-,-,-,-,-,-,-,-,-,-,-,1,-,-,-,1
"231200 SANTANA DO ACARAU",-,-,-,-,-,-,-,5,-,-,-,-,-,-,-,-,-,-,5
"231280 SENADOR SA",-,-,-,-,-,-,-,4,-,-,-,-,-,-,-,-,-,-,4
"231290 SOBRAL",4,1,-,-,-,-,-,91,-,-,-,-,-,-,-,-,-,-,96
"231335 TEJUCUOCA",2,-,-,-,-,-,-,-,-,-,-,-,-,-,-,-,-,-,2
"231340 TIANGUA",-,-,-,-,-,-,-,-,-,-,-,-,-,-,-,2,-,-,2
"231350 TRAIRI",-,-,-,-,-,-,-,3,4,-,-,-,-,-,-,-,-,-,7
"231355 TURURU",-,-,-,-,-,-,-,3,-,-,-,-,-,-,-,-,-,-,3
"231360 UBAJARA",-,-,-,-,-,-,-,-,-,-,-,-,-,-,-,2,-,-,2
"231375 UMIRIM",1,-,-,-,-,-,-,-,-,-,-,-,-,-,-,-,-,-,1
"231380 URUBURETAMA",-,-,-,-,-,-,-,60,-,-,-,-,-,-,-,-,-,-,60
"231390 URUOCA",-,-,-,-,-,-,-,1,-,-,-,-,-,-,-,-,-,-,1
"231395 VARJOTA",-,-,-,-,-,-,-,-,-,-,-,-,1,-,-,-,-,-,1
"240010 ACARI",-,-,-,-,-,-,-,-,-,-,1,-,-,-,-,-,-,-,1
"240020 ACU",2,-,-,-,-,-,-,-,-,-,-,-,-,-,-,-,-,-,2
"240070 ALTO DO RODRIGUES",-,-,-,-,-,-,1,-,-,-,-,-,-,-,-,-,-,-,1
"240145 BARAUNA",-,-,-,-,-,-,-,1,-,-,-,1,-,-,-,1,-,-,3
"240320 DOUTOR SEVERIANO",-,1,-,-,-,-,-,-,-,-,-,-,-,-,-,-,-,-,1
"240325 PARNAMIRIM",1,-,-,-,-,-,-,-,-,-,-,-,1,-,-,-,-,-,2
"240340 EQUADOR",1,-,-,-,-,-,-,-,-,-,-,-,-,-,-,-,-,-,1
"240370 FELIPE GUERRA",-,-,-,-,-,-,-,-,-,-,-,-,1,-,-,-,-,-,1
"240375 FERNANDO PEDROZA",2,-,-,-,-,-,-,-,-,-,-,-,-,-,-,-,-,-,2
"240420 GOIANINHA",-,2,-,-,-,-,-,-,-,-,-,-,-,-,-,-,-,-,2
"240450 GUAMARE",-,-,-,-,-,-,-,1,-,-,-,-,-,-,-,-,-,-,1
"240470 IPANGUACU",-,2,-,-,-,-,-,1,-,-,-,-,-,-,-,-,-,-,3
"240530 JANUARIO CICCO",-,1,-,-,-,-,-,-,-,-,-,-,-,-,-,-,-,-,1
"240570 JARDIM DO SERIDO",2,-,-,-,-,-,-,-,-,-,-,-,-,-,-,-,-,-,2
"240650 LAGOA NOVA",1,-,-,-,-,-,-,-,-,-,-,-,-,-,-,-,-,-,1
"240710 MACAIBA",-,-,-,-,-,-,-,-,-,-,-,-,1,-,-,-,-,-,1
"240720 MACAU",-,-,-,-,-,-,-,-,-,-,1,-,-,-,-,-,-,-,1
"240740 MARTINS",-,-,-,-,-,-,-,-,1,-,-,-,-,-,-,-,-,-,1
"240800 MOSSORO",2,2,-,-,1,-,-,-,-,-,-,-,-,-,-,-,-,-,5
"240810 NATAL",5,6,-,-,1,1,-,-,-,-,1,1,7,2,1,2,2,1,30
"240940 PAU DOS FERROS",1,-,-,-,-,-,-,-,-,-,-,-,1,-,-,-,-,-,2
"240980 PEDRO VELHO",-,1,-,-,-,-,-,-,-,-,-,-,-,-,-,-,-,-,1
"241080 RIACHO DE SANTANA",1,-,-,-,-,-,-,-,-,-,-,-,-,-,-,-,-,-,1
"241090 RIACHUELO",-,-,-,2,-,-,-,-,-,-,-,-,-,-,-,-,-,-,2
"241110 RUY BARBOSA",1,-,-,-,-,-,-,-,-,-,-,-,-,-,-,-,-,-,1
"241150 SANTO ANTONIO",-,-,-,-,-,-,-,-,1,-,-,-,-,-,-,-,-,-,1
"241220 SAO JOSE DE MIPIBU",-,1,-,-,-,-,-,-,-,-,-,-,-,-,-,-,-,-,1
"241250 SAO MIGUEL",2,-,-,-,-,-,-,-,-,-,-,-,-,-,-,-,-,-,2
"241260 SAO PAULO DO POTENGI",1,-,-,-,-,-,-,-,-,-,-,-,-,-,-,-,-,-,1
"241350 SERRINHA",-,-,-,-,-,-,-,-,-,1,1,-,-,-,-,-,-,-,2
"241355 SERRINHA DOS PINTOS",-,-,-,-,-,-,-,-,-,-,-,-,-,1,-,-,-,-,1
"241360 SEVERIANO MELO",-,1,-,-,-,-,-,-,-,-,-,-,-,-,-,-,-,-,1
"241410 TENENTE ANANIAS",-,-,-,-,-,-,-,-,-,-,-,1,-,-,-,-,-,-,1
"241445 TRIUNFO POTIGUAR",-,-,-,-,-,-,-,-,-,-,-,-,-,-,-,2,-,-,2
"241450 UMARIZAL",1,-,-,-,-,-,-,-,-,-,-,-,-,-,-,-,-,-,1
"250030 ALAGOA GRANDE",2,-,-,-,-,-,-,-,-,-,-,-,-,-,-,-,-,-,2
"250077 APARECIDA",-,1,-,-,-,-,-,-,-,-,-,-,-,-,-,-,-,-,1
"250090 ARARA",1,-,-,-,-,-,-,-,-,-,-,-,-,-,-,-,-,-,1
"250110 AREIA",2,-,-,-,-,-,-,-,-,-,-,-,-,-,-,-,-,-,2
"250115 AREIA DE BARAUNAS",1,-,-,-,-,-,-,-,-,-,-,-,-,-,-,-,-,-,1
"250120 AREIAL",-,-,-,-,1,-,-,-,-,-,-,-,-,-,-,-,-,-,1
"250150 BANANEIRAS",2,-,-,-,-,-,-,-,-,-,-,-,1,-,-,-,-,-,3
"250157 BARRA DE SANTANA",3,-,-,-,-,-,-,-,-,-,-,-,-,-,-,-,-,-,3
"250160 BARRA DE SANTA ROSA",-,1,-,-,-,-,-,-,-,-,-,-,-,-,-,-,-,-,1
"250170 BARRA DE SAO MIGUEL",-,-,-,-,-,-,-,-,-,-,-,-,3,-,-,-,-,-,3
"250180 BAYEUX",1,-,-,1,-,-,-,-,-,-,-,-,4,-,-,-,-,-,6
"250215 BOA VISTA",11,-,-,-,-,-,-,-,-,-,-,-,-,-,-,-,-,-,11
"250250 BOQUEIRAO",1,-,-,1,-,-,-,-,-,-,-,-,-,-,-,-,-,-,2
"250300 CAAPORA",-,-,-,-,-,-,2,-,-,-,-,-,-,-,-,-,-,-,2
"250310 CABACEIRAS",1,-,-,-,-,-,-,-,-,-,-,-,-,-,-,-,-,-,1
"250320 CABEDELO",1,-,-,-,-,-,-,-,-,-,-,-,2,-,-,-,-,-,3
"250400 CAMPINA GRANDE",182,2,-,-,-,-,-,-,-,-,-,-,6,-,-,-,-,-,190
"250403 CAPIM",3,-,-,-,-,-,-,-,-,-,-,-,-,-,-,-,-,-,3
"250435 CATURITE",5,-,-,-,-,-,-,-,-,-,-,-,-,-,-,-,-,-,5
"250450 CONDADO",1,-,-,-,-,-,-,-,-,-,-,-,-,-,-,-,-,-,1
"250460 CONDE",-,-,-,-,-,-,-,-,-,-,-,-,1,-,-,-,-,-,1
"250470 CONGO",1,-,-,-,-,-,-,-,-,-,-,-,-,-,-,-,-,-,1
"250510 CUITE",2,-,-,-,-,-,-,-,-,-,-,-,-,-,-,-,-,-,2
"250570 DONA INES",-,-,-,-,-,-,-,-,-,-,-,-,1,-,-,-,-,-,1
"250580 DUAS ESTRADAS",-,-,-,1,-,-,-,-,-,-,-,-,-,-,-,-,-,-,1
"250600 ESPERANCA",9,1,-,-,-,-,-,-,-,-,-,-,1,-,-,-,-,-,11
"250630 GUARABIRA",3,1,-,-,-,-,-,-,-,-,-,-,1,-,-,-,-,-,5
"250640 GURINHEM",1,-,-,-,-,-,-,-,-,-,-,-,-,-,-,-,-,-,1
"250670 IMACULADA",3,-,-,-,-,-,-,-,-,-,-,-,-,-,-,-,-,-,3
"250680 INGA",2,-,-,-,-,-,-,-,-,-,-,-,-,-,-,-,-,-,2
"250690 ITABAIANA",-,1,-,-,-,-,-,-,-,-,-,-,1,-,-,-,-,-,2
"250710 ITAPOROROCA",3,1,-,-,-,-,-,-,-,-,-,-,-,-,-,-,-,-,4
"250740 JERICO",1,-,-,-,-,-,-,-,-,-,-,-,-,-,-,-,-,-,1
"250750 JOAO PESSOA",51,5,-,55,-,-,7,-,1,-,-,-,23,2,1,-,-,-,145
"250760 JUAREZ TAVORA",1,-,-,-,-,-,-,-,-,-,-,-,-,-,-,-,-,-,1
"250770 JUAZEIRINHO",7,-,-,-,-,-,-,-,-,-,-,-,-,-,-,-,-,-,7
"250800 JURU",-,-,-,-,1,-,-,-,-,-,-,-,-,-,-,-,-,-,1
"250830 LAGOA SECA",11,-,-,-,-,-,-,-,-,-,-,-,-,-,-,-,-,-,11
"250855 LOGRADOURO",1,-,-,2,-,-,-,-,-,-,-,-,-,-,-,-,-,-,3
"250870 MAE D'AGUA",-,3,-,-,-,-,-,-,-,-,-,-,1,-,-,-,-,-,4
"250890 MAMANGUAPE",26,6,-,-,-,-,-,-,-,-,-,-,1,-,-,-,-,-,33
"250933 MATINHAS",6,-,-,-,-,-,-,-,-,-,-,-,-,-,-,-,-,-,6
"250950 MONTADAS",1,-,-,-,-,-,-,-,-,-,-,-,-,-,-,-,-,-,1
"251050 OLIVEDOS",1,-,-,-,-,-,-,-,-,-,-,-,-,-,-,-,-,-,1
"251070 PASSAGEM",1,-,-,-,-,-,-,-,-,-,-,-,-,-,-,-,-,-,1
"251080 PATOS",12,-,-,-,-,-,-,-,-,-,-,-,1,-,-,-,-,-,13
"251110 PEDRA LAVRADA",1,-,-,-,-,-,-,-,-,-,-,-,-,-,-,-,-,-,1
"251120 PEDRAS DE FOGO",14,-,-,-,-,-,-,-,-,-,-,-,-,-,-,-,-,-,14
"251140 PICUI",1,1,-,-,-,-,-,-,-,-,-,-,1,-,-,-,-,-,3
"251150 PILAR",6,-,-,-,-,-,-,-,-,-,-,-,-,-,-,-,-,-,6
"251160 PILOES",-,1,-,-,-,-,-,-,-,-,-,-,-,-,-,-,-,-,1
"251200 POCINHOS",10,1,-,-,-,-,-,-,-,-,-,-,-,-,-,-,-,-,11
"251207 POCO DE JOSE DE MOURA",-,-,-,-,1,-,-,-,-,-,-,-,-,-,-,-,-,-,1
"251240 PUXINANA",1,-,-,-,-,-,-,-,-,-,-,-,-,-,-,-,-,-,1
"251250 QUEIMADAS",14,-,-,-,-,-,-,-,-,-,-,-,-,-,-,-,-,-,14
"251270 REMIGIO",3,-,-,-,-,-,-,-,-,-,-,-,-,-,-,-,-,-,3
"251290 RIO TINTO",1,-,-,-,-,-,-,-,-,-,-,-,-,-,-,-,-,-,1
"251315 SANTA CECILIA",-,-,-,-,-,-,-,-,-,-,-,-,2,-,-,-,-,-,2
"251370 SANTA RITA",17,-,-,-,-,-,-,-,-,-,-,-,3,-,-,-,-,-,20
"251385 SANTO ANDRE",1,-,-,-,-,-,-,-,-,-,-,-,-,-,-,-,-,-,1
"251390 SAO BENTO",3,1,-,-,-,-,-,-,-,-,-,-,-,-,-,-,-,-,4
"251490 SAO MAMEDE",1,-,-,-,-,-,-,-,-,-,-,-,-,-,-,-,-,-,1
"251530 SAPE",1,-,-,-,-,-,-,-,-,-,-,-,1,-,-,-,-,-,2
"251550 SERRA BRANCA",1,1,-,-,-,-,-,-,-,-,-,-,-,-,-,-,-,-,2
"251590 SERRARIA",-,1,-,-,-,-,-,-,-,-,-,-,-,-,-,-,-,-,1
"251600 SOLANEA",2,1,-,-,-,-,-,-,-,-,-,-,1,-,-,-,-,-,4
"251610 SOLEDADE",5,-,-,-,-,-,-,-,-,-,-,-,-,-,-,-,-,-,5
"251620 SOUSA",-,-,-,-,-,-,-,-,-,-,-,-,11,-,-,-,-,-,11
"251630 SUME",-,-,-,-,-,-,-,-,-,-,-,-,1,-,-,-,-,-,1
"251650 TAPEROA",-,1,-,-,-,-,-,-,-,-,-,-,-,-,-,-,-,-,1
"251670 TEIXEIRA",6,2,-,-,-,-,-,-,-,-,-,-,-,-,-,-,-,-,8
"251680 TRIUNFO",5,-,-,-,-,-,-,-,-,-,-,-,-,-,-,-,-,-,5
"251690 UIRAUNA",-,1,-,-,-,-,-,-,-,-,-,-,-,-,-,-,-,-,1
"260005 ABREU E LIMA",-,-,-,-,-,-,8,-,-,-,-,-,-,-,-,-,-,-,8
"260010 AFOGADOS DA INGAZEIRA",-,-,-,-,-,-,-,-,-,-,1,-,-,-,-,-,-,-,1
"260050 AGUAS BELAS",-,-,-,-,2,-,-,-,-,-,-,-,-,-,-,-,-,-,2
"260060 ALAGOINHA",1,-,-,-,-,-,-,-,-,-,-,-,-,-,-,-,-,-,1
"260105 ARACOIABA",-,-,1,-,-,-,-,-,-,-,-,-,-,-,-,-,-,-,1
"260120 ARCOVERDE",-,1,-,-,-,-,-,-,-,-,-,-,1,1,-,-,-,-,3
"260140 BARREIROS",-,-,-,-,-,-,-,-,-,-,-,-,-,-,-,3,-,-,3
"260160 BELEM DE SAO FRANCISCO",-,-,-,-,-,-,1,-,-,-,-,-,-,-,-,-,-,-,1
"260170 BELO JARDIM",1,-,-,-,-,-,-,-,-,-,-,-,-,-,-,-,-,-,1
"260190 BEZERROS",-,1,-,-,-,-,-,-,-,-,-,-,2,-,-,-,-,-,3
"260210 BOM CONSELHO",-,5,-,-,-,-,-,-,-,1,-,-,-,-,-,-,-,-,6
"260230 BONITO",-,-,-,-,-,-,-,-,-,-,-,-,1,-,-,-,-,-,1
"260260 BREJO DA MADRE DE DEUS",1,-,-,-,-,-,-,-,-,-,-,-,10,-,-,1,-,-,12
"260290 CABO DE SANTO AGOSTINHO",-,-,-,-,-,-,27,-,-,-,-,-,3,-,-,-,-,-,30
"260300 CABROBO",-,-,-,1,-,-,-,-,-,-,-,-,-,1,-,-,-,-,2
"260320 CAETES",-,-,-,1,-,-,-,-,-,-,-,-,-,-,-,-,-,-,1
"260340 CALUMBI",-,-,-,-,-,-,-,-,-,1,-,-,-,-,-,-,-,-,1
"260345 CAMARAGIBE",-,-,-,-,1,-,4,-,1,-,-,-,1,-,-,-,-,-,7
"260350 CAMOCIM DE SAO FELIX",1,-,-,-,-,-,-,-,-,-,-,-,-,-,-,-,-,-,1
"260380 CAPOEIRAS",-,-,-,-,-,-,-,-,-,-,-,-,-,-,-,4,1,-,5
"260400 CARPINA",-,-,-,-,1,-,2,-,-,-,-,-,2,-,-,-,-,-,5
"260410 CARUARU",-,-,-,-,-,-,-,3,-,-,-,-,24,-,-,1,-,-,28
"260415 CASINHAS",-,-,-,-,1,-,-,-,-,-,-,-,-,-,-,-,-,-,1
"260420 CATENDE",-,-,-,1,-,-,-,-,-,-,-,-,-,-,-,-,-,-,1
"260430 CEDRO",-,3,-,-,-,-,-,-,-,-,-,-,-,-,-,-,-,-,3
"260440 CHA DE ALEGRIA",-,-,-,-,-,-,-,-,-,-,-,-,-,-,1,-,-,-,1
"260450 CHA GRANDE",-,-,-,1,-,-,-,-,-,-,-,-,-,-,1,1,-,-,3
"260460 CONDADO",-,3,-,3,-,-,3,-,1,-,-,-,-,-,-,-,-,-,10
"260500 CUPIRA",-,-,-,-,-,-,-,-,-,-,-,-,2,-,-,-,-,-,2
"260510 CUSTODIA",-,1,-,-,-,-,-,-,-,-,-,-,3,-,-,-,-,-,4
"260520 ESCADA",-,-,-,-,-,-,6,-,-,-,-,-,-,-,-,-,-,-,6
"260545 FERNANDO DE NORONHA",1,-,-,-,-,-,-,-,-,-,-,-,-,-,-,-,-,-,1
"260550 FERREIROS",1,-,-,-,-,-,-,-,-,-,-,-,-,-,-,-,-,-,1
"260580 FREI MIGUELINHO",-,-,-,-,-,-,-,-,-,-,-,-,1,-,-,-,-,-,1
"260590 GAMELEIRA",1,-,-,-,-,-,-,-,-,-,-,-,1,-,-,-,-,-,2
"260600 GARANHUNS",-,-,-,-,-,-,-,-,-,-,-,-,-,-,-,2,-,-,2
"260610 GLORIA DO GOITA",-,-,-,-,-,-,-,-,-,-,-,-,2,-,-,-,-,-,2
"260620 GOIANA",6,1,-,-,-,-,26,2,-,-,1,-,1,-,-,-,-,-,37
"260640 GRAVATA",-,-,-,-,-,-,-,-,-,-,-,-,2,-,-,-,-,-,2
"260660 IBIMIRIM",-,-,-,-,-,-,-,-,-,-,-,-,-,-,-,14,-,-,14
"260680 IGARASSU",-,-,2,1,-,-,3,1,-,-,-,-,-,3,-,-,-,-,10
"260720 IPOJUCA",-,-,-,1,-,-,1,-,-,-,-,-,-,3,1,-,-,-,6
"260750 ITAIBA",-,-,-,-,-,-,-,-,-,-,-,-,1,-,-,-,-,-,1
"260760 ILHA DE ITAMARACA",-,-,-,-,-,-,-,-,-,-,-,-,-,-,-,-,1,-,1
"260765 ITAMBE",4,-,-,-,-,-,-,-,-,-,-,-,-,-,-,-,-,-,4
"260775 ITAPISSUMA",-,-,-,-,-,-,-,-,-,1,-,-,-,-,-,-,-,-,1
"260790 JABOATAO DOS GUARARAPES",2,-,-,-,-,-,6,-,1,-,-,-,8,5,-,-,-,-,22
"260800 JATAUBA",-,-,-,-,-,-,-,-,-,-,-,-,2,-,-,-,-,-,2
"260845 LAGOA DO CARRO",-,-,-,-,-,-,-,-,-,-,-,-,5,-,-,-,-,-,5
"260850 LAGOA DE ITAENGA",-,-,-,-,-,-,-,-,-,-,-,-,-,-,-,1,-,-,1
"260880 LAJEDO",1,-,-,-,-,-,-,-,-,-,-,-,-,-,-,9,-,-,10
"260890 LIMOEIRO",-,-,-,-,-,-,-,-,-,-,-,-,3,-,-,-,-,-,3
"260950 NAZARE DA MATA",-,-,-,-,-,-,1,-,-,-,-,-,-,-,-,-,-,-,1
"260960 OLINDA",1,1,-,-,-,-,8,1,-,-,-,-,3,-,-,-,-,-,14
"260990 OURICURI",-,-,-,-,-,-,-,-,1,-,-,-,-,-,-,-,-,-,1
"261000 PALMARES",-,-,-,1,-,-,-,-,-,-,-,-,1,-,-,-,-,-,2
"261030 PARANATAMA",-,-,-,-,-,-,-,-,-,-,1,-,-,-,-,-,-,-,1
"261070 PAULISTA",2,-,-,-,-,-,6,-,-,-,-,-,11,1,-,-,-,-,20
"261080 PEDRA",-,-,-,1,-,-,-,-,-,-,-,-,-,-,-,-,-,-,1
"261090 PESQUEIRA",2,5,-,-,-,-,-,-,-,-,-,-,-,-,-,2,-,-,9
"261110 PETROLINA",-,-,-,-,2,-,-,-,-,-,-,-,1,2,-,-,-,-,5
"261150 QUIPAPA",-,1,-,-,-,-,-,-,-,-,-,-,-,-,-,-,-,-,1
"261160 RECIFE",39,4,1,3,2,1,75,13,4,-,-,4,101,21,-,1,4,1,274
"261170 RIACHO DAS ALMAS",-,-,-,-,-,-,-,-,-,-,-,-,2,-,-,-,-,-,2
"261180 RIBEIRAO",-,2,-,-,-,-,-,-,-,-,-,-,-,-,-,-,-,-,2
"261190 RIO FORMOSO",-,4,-,2,-,-,-,-,-,-,-,-,-,-,-,-,-,-,6
"261250 SANTA CRUZ DO CAPIBARIBE",-,-,-,-,-,-,-,-,-,-,-,-,65,-,-,1,-,-,66
"261270 SANTA MARIA DO CAMBUCA",-,-,-,-,-,-,-,-,-,-,-,-,2,-,-,-,-,-,2
"261300 SAO BENTO DO UNA",-,-,-,-,-,-,-,-,-,-,-,-,-,1,-,-,-,-,1
"261310 SAO CAITANO",-,-,-,-,-,-,-,-,-,-,-,-,1,-,-,-,-,-,1
"261330 SAO JOAQUIM DO MONTE",1,-,-,-,-,-,-,-,-,-,-,-,-,-,-,-,-,-,1
"261360 SAO JOSE DO EGITO",-,-,-,-,1,-,-,-,-,-,-,-,-,-,-,-,-,-,1
"261370 SAO LOURENCO DA MATA",-,-,-,-,-,-,1,-,-,-,-,-,-,-,-,-,-,-,1
"261400 SERRITA",-,-,-,-,-,-,-,-,1,-,-,-,-,-,-,-,-,-,1
"261410 SERTANIA",-,-,-,-,-,-,-,-,-,-,-,-,3,-,-,-,-,-,3
"261420 SIRINHAEM",-,-,-,1,-,-,1,-,-,-,-,-,-,1,-,-,-,-,3
"261450 SURUBIM",1,-,-,1,-,-,-,1,-,-,-,-,-,-,-,-,-,-,3
"261470 TACAIMBO",1,-,-,-,-,-,-,-,-,-,-,-,1,-,-,-,-,-,2
"261485 TAMANDARE",-,-,-,-,-,-,-,-,-,-,-,-,-,-,-,-,1,-,1
"261500 TAQUARITINGA DO NORTE",-,-,-,-,-,-,-,-,-,-,-,-,38,-,-,-,-,-,38
"261520 TERRA NOVA",1,-,-,-,-,-,-,-,-,-,-,-,-,-,-,-,-,-,1
"261530 TIMBAUBA",-,-,-,-,-,-,-,-,-,-,-,-,1,-,-,1,-,-,2
"261540 TORITAMA",1,-,-,-,-,-,-,-,-,-,1,-,25,-,-,-,-,-,27
"261550 TRACUNHAEM",1,-,-,-,-,-,-,-,-,-,-,-,-,-,-,-,-,-,1
"261620 VERTENTES",-,-,-,-,-,-,-,-,-,-,-,-,15,-,-,-,-,-,15
"261640 VITORIA DE SANTO ANTAO",-,1,-,2,1,-,11,-,-,-,-,-,1,-,-,-,-,-,16
"270030 ARAPIRACA",-,-,-,1,-,-,-,-,-,-,-,-,2,-,-,-,-,-,3
"270040 ATALAIA",-,2,-,-,-,-,-,-,-,-,-,-,-,-,-,-,-,-,2
"270170 CAPELA",-,-,-,-,-,-,-,-,-,-,-,-,-,-,10,-,-,-,10
"270180 CARNEIROS",-,-,-,-,-,-,-,-,-,-,-,-,1,-,-,-,-,-,1
"270230 CORURIPE",1,-,-,-,-,-,-,-,-,-,-,-,-,-,-,-,-,-,1
"270290 GIRAU DO PONCIANO",4,-,-,-,-,-,-,-,-,-,-,-,-,-,-,-,-,-,4
"270300 IBATEGUARA",1,-,-,-,-,-,-,-,-,-,-,-,-,-,-,-,-,-,1
"270320 IGREJA NOVA",-,1,-,-,-,-,-,-,-,-,-,-,-,-,-,-,-,-,1
"270430 MACEIO",36,9,-,-,-,-,-,-,-,-,-,-,15,3,1,-,-,-,64
"270440 MAJOR ISIDORO",-,-,-,-,-,-,-,-,-,-,-,-,1,-,-,-,-,-,1
"270450 MARAGOGI",-,-,-,-,-,-,-,-,-,-,-,-,1,-,-,-,-,-,1
"270500 MATA GRANDE",-,-,-,-,-,-,-,-,-,-,-,-,7,-,-,-,-,-,7
"270630 PALMEIRA DOS INDIOS",3,-,-,-,-,-,-,-,-,-,-,-,-,1,-,-,-,-,4
"270640 PAO DE ACUCAR",-,-,-,-,-,-,-,-,-,-,-,-,-,1,-,-,-,-,1
"270644 PARIPUEIRA",-,-,-,-,-,-,-,-,-,-,-,-,-,-,-,-,-,1,1
"270710 PIRANHAS",-,-,-,-,-,-,-,-,-,-,-,-,1,-,-,-,-,-,1
"270720 POCO DAS TRINCHEIRAS",-,2,-,-,-,-,-,-,-,-,-,-,-,-,-,-,-,-,2
"270780 ROTEIRO",-,1,-,-,-,-,-,-,-,-,-,-,-,-,-,-,-,-,1
"270800 SANTANA DO IPANEMA",-,-,-,-,-,-,-,-,-,-,-,-,6,-,-,-,-,-,6
"270840 SAO JOSE DA TAPERA",-,-,-,-,-,-,-,-,-,-,-,-,1,-,-,-,-,-,1
"280030 ARACAJU",6,1,-,-,-,-,1,-,-,-,-,3,1,-,-,-,-,-,12
"280210 ESTANCIA",-,-,-,-,-,-,-,-,-,-,-,-,2,-,-,-,-,-,2
"280290 ITABAIANA",-,2,-,-,-,-,-,-,-,-,-,-,-,-,-,-,-,-,2
"280350 LAGARTO",-,1,-,-,-,-,-,-,-,-,-,-,-,-,-,-,-,-,1
"280580 RIACHAO DO DANTAS",-,-,-,-,-,-,-,-,-,-,-,1,-,-,-,-,-,-,1
"280590 RIACHUELO",-,-,-,-,-,-,-,-,-,-,-,-,-,-,1,-,-,-,1
"280620 SALGADO",1,-,-,-,-,-,-,-,-,-,-,-,-,-,-,-,-,-,1
"280670 SAO CRISTOVAO",3,-,-,-,-,-,-,-,-,-,-,-,-,-,-,-,-,-,3
"280710 SIMAO DIAS",-,-,-,-,-,-,-,-,-,-,-,-,-,7,-,-,-,-,7
"280760 UMBAUBA",-,-,-,-,-,-,-,-,-,1,-,-,-,-,-,-,-,-,1
"290080 ALCOBACA",-,3,-,-,-,-,-,-,-,-,-,-,-,-,-,-,-,-,3
"290135 ANDORINHA",-,-,-,-,-,-,-,-,-,-,-,-,2,-,-,-,-,-,2
"290160 ANTAS",-,-,-,-,-,-,-,-,1,-,-,-,-,-,-,-,-,-,1
"290210 ARACI",-,-,-,-,-,-,-,-,-,-,-,-,1,-,1,-,-,-,2
"290320 BARREIRAS",-,-,-,-,-,-,-,-,1,-,-,-,-,-,-,-,-,-,1
"290327 BARROCAS",-,-,-,-,-,-,-,-,-,-,-,-,-,-,-,-,-,1,1
"290350 BELO CAMPO",-,-,-,-,-,-,-,-,-,-,-,-,-,1,-,-,-,-,1
"290360 BIRITINGA",-,-,-,-,-,-,-,-,-,-,-,-,1,-,-,-,-,-,1
"290370 BOA NOVA",-,-,-,-,-,-,-,-,-,1,-,-,-,-,-,-,-,-,1
"290440 BREJOLANDIA",2,-,-,-,-,-,-,-,-,-,-,-,-,-,-,-,-,-,2
"290520 CAETITE",-,-,-,-,-,-,-,-,-,-,-,-,2,-,-,-,-,-,2
"290540 CAIRU",-,-,-,-,-,-,-,-,-,-,-,-,2,-,-,-,-,-,2
"290560 CAMACAN",-,-,-,-,-,-,-,-,-,-,-,-,2,-,-,-,-,-,2
"290570 CAMACARI",1,-,-,-,-,-,-,-,-,-,-,-,-,1,-,-,-,-,2
"290590 CAMPO ALEGRE DE LOURDES",1,-,-,-,-,-,-,-,-,-,-,-,-,-,-,-,-,-,1
"290610 CANAPOLIS",1,-,-,-,-,-,-,-,-,-,-,-,-,-,-,-,-,-,1
"290650 CANDEIAS",2,1,-,-,-,-,-,-,-,-,-,-,-,-,-,-,-,-,3
"290700 CARDEAL DA SILVA",-,-,-,-,-,-,-,-,-,-,-,-,-,-,-,-,1,-,1
"290730 CASTRO ALVES",-,-,-,-,-,-,-,-,1,-,-,-,-,-,-,-,-,-,1
"290770 CHORROCHO",-,1,-,-,-,-,-,-,-,-,-,-,-,-,-,-,-,-,1
"290820 CONCEICAO DA FEIRA",-,-,-,-,-,-,-,-,-,-,-,-,2,-,-,-,-,-,2
"290840 CONCEICAO DO COITE",1,1,-,-,-,-,-,-,-,-,-,-,2,-,-,-,-,-,4
"290860 CONDE",-,1,-,-,-,-,-,-,-,-,-,-,-,-,-,-,-,-,1
"290930 CORRENTINA",1,-,-,-,-,-,-,-,-,-,-,-,-,-,-,-,-,-,1
"291005 DIAS D'AVILA",1,-,-,-,-,-,-,-,-,-,-,-,-,-,-,-,-,-,1
"291030 ELISIO MEDRADO",-,1,-,-,-,-,-,-,-,-,-,-,-,-,-,-,-,-,1
"291050 ENTRE RIOS",-,-,-,-,-,-,-,-,-,1,-,-,-,-,-,-,-,-,1
"291060 ESPLANADA",-,1,-,-,-,-,-,-,-,-,-,-,-,-,-,-,-,-,1
"291072 EUNAPOLIS",-,1,-,-,-,-,-,-,-,-,-,-,-,-,-,-,1,-,2
"291080 FEIRA DE SANTANA",9,1,-,-,-,-,-,-,-,-,-,-,15,-,-,-,-,-,25
"291085 FILADELFIA",2,-,-,-,-,-,-,-,-,-,-,-,-,-,-,-,-,-,2
"291120 GANDU",-,-,-,-,-,-,-,-,-,-,-,-,5,-,-,-,-,-,5
"291140 GLORIA",1,-,-,-,-,-,-,-,-,-,-,-,-,-,-,-,-,-,1
"291160 GOVERNADOR MANGABEIRA",-,1,-,-,-,-,-,-,-,-,-,-,-,-,-,-,-,-,1
"291185 HELIOPOLIS",-,1,-,-,-,-,-,-,-,-,-,-,-,-,-,-,-,-,1
"291290 IBIRATAIA",-,1,-,-,-,-,-,-,-,-,-,-,-,-,-,-,-,-,1
"291320 IBOTIRAMA",-,1,-,-,-,-,-,-,-,-,-,-,-,-,-,-,-,-,1
"291340 IGAPORA",1,-,-,-,-,-,-,-,-,-,-,-,-,-,-,-,-,-,1
"291360 ILHEUS",-,-,-,-,-,-,-,-,-,-,-,4,-,-,-,-,-,-,4
"291390 IPIAU",-,-,-,-,-,-,-,-,-,-,-,-,1,-,-,-,-,-,1
"291400 IPIRA",-,1,-,-,-,-,-,-,-,-,-,-,-,-,-,-,-,-,1
"291410 IPUPIARA",2,-,-,-,-,-,-,-,-,-,-,-,-,-,-,-,-,-,2
"291450 IRARA",-,-,-,-,-,-,-,-,-,-,-,-,1,-,-,-,-,-,1
"291480 ITABUNA",-,-,-,-,-,-,-,-,-,-,-,-,2,-,-,-,-,-,2
"291535 ITAGUACU DA BAHIA",1,-,-,-,-,-,-,-,-,-,-,-,-,-,-,-,-,-,1
"291590 ITANAGRA",1,-,-,-,-,-,-,-,-,-,-,1,-,-,-,-,-,-,2
"291600 ITANHEM",-,1,-,-,-,-,-,-,-,-,-,-,-,-,-,-,-,-,1
"291650 ITAPICURU",2,-,-,-,-,-,-,-,-,-,-,-,-,-,-,-,-,-,2
"291730 ITUBERA",-,-,-,-,-,-,-,-,-,-,-,-,3,-,-,-,-,-,3
"291750 JACOBINA",-,-,-,-,-,-,-,-,-,-,-,-,1,-,-,-,-,-,1
"291760 JAGUAQUARA",2,-,-,-,-,-,-,-,-,-,-,-,-,-,-,-,-,-,2
"291800 JEQUIE",-,1,-,-,-,-,-,-,-,-,-,-,-,-,-,-,-,-,1
"291840 JUAZEIRO",-,-,-,-,-,-,-,-,-,-,-,-,1,-,-,-,-,-,1
"291870 LAFAIETE COUTINHO",-,1,-,-,-,-,-,-,-,-,-,-,-,-,-,-,-,-,1
"291920 LAURO DE FREITAS",8,-,-,-,-,-,-,-,-,-,-,-,-,-,-,-,-,-,8
"291955 LUIS EDUARDO MAGALHAES",-,-,-,-,-,-,-,-,-,-,-,-,1,1,-,-,-,-,2
"292060 MARAGOGIPE",2,-,-,-,-,-,-,-,-,-,-,-,-,-,-,-,-,-,2
"292070 MARAU",1,-,-,-,-,-,-,-,-,-,-,-,-,-,-,-,-,-,1
"292120 MIGUEL CALMON",-,2,-,-,-,-,-,-,-,-,-,-,-,-,-,-,-,-,2
"292150 MONTE SANTO",78,5,-,-,-,-,-,-,-,-,-,-,-,-,-,-,-,-,83
"292200 MUCURI",-,1,-,-,-,-,-,-,-,-,-,-,-,-,-,-,-,-,1
"292240 MUTUIPE",1,-,-,-,-,-,-,-,-,-,-,-,-,-,-,-,-,-,1
"292290 NOVA SOURE",1,-,-,-,-,-,-,-,-,-,-,-,-,-,-,-,-,-,1
"292300 NOVA VICOSA",-,1,-,-,-,-,-,-,-,-,-,-,-,-,-,-,-,-,1
"292335 OUROLANDIA",-,-,-,-,-,-,-,-,-,-,-,-,-,-,1,-,-,-,1
"292340 PALMAS DE MONTE ALTO",1,1,-,-,-,-,-,-,-,-,-,-,-,-,-,-,-,-,2
"292350 PALMEIRAS",-,-,-,-,-,-,-,-,-,-,-,-,1,-,-,-,-,-,1
"292380 PARIPIRANGA",-,-,-,-,-,-,-,-,-,-,-,-,-,1,-,-,-,-,1
"292400 PAULO AFONSO",-,2,-,-,-,-,-,-,-,-,-,-,-,-,-,-,-,-,2
"292430 PIATA",-,1,-,-,-,-,-,-,-,-,-,-,-,-,-,-,-,-,1
"292467 PIRAI DO NORTE",-,-,-,-,-,-,-,1,-,-,-,-,-,-,-,-,-,-,1
"292520 POJUCA",2,-,-,-,-,-,-,-,-,-,-,-,-,-,-,-,-,-,2
"292530 PORTO SEGURO",2,-,-,-,1,-,-,-,-,-,-,-,3,-,-,-,-,-,6
"292560 PRESIDENTE DUTRA",1,-,-,-,-,-,-,-,-,-,-,-,-,-,-,-,-,-,1
"292575 PRESIDENTE TANCREDO NEVES",-,-,-,-,-,-,-,-,-,-,1,-,3,-,-,-,-,-,4
"292590 QUIJINGUE",-,1,-,-,-,-,-,-,-,-,-,-,2,-,-,-,-,-,3
"292620 RIACHAO DAS NEVES",1,-,-,-,-,-,-,-,-,-,-,-,-,-,-,-,-,-,1
"292660 RIBEIRA DO POMBAL",-,-,-,-,-,-,-,-,-,-,-,-,2,-,-,-,-,-,2
"292740 SALVADOR",55,18,2,-,-,-,-,-,-,-,-,-,9,3,-,-,-,-,87
"292830 SANTANOPOLIS",-,-,-,-,-,-,-,-,-,-,-,-,-,1,-,-,-,-,1
"292860 SANTO AMARO",1,-,-,-,-,-,-,-,-,-,-,-,-,-,-,-,-,-,1
"292870 SANTO ANTONIO DE JESUS",-,-,-,-,-,-,-,-,-,-,-,-,1,-,-,-,2,-,3
"292900 SAO FELIX",-,1,-,-,-,-,-,-,-,-,-,-,-,-,-,-,-,-,1
"292920 SAO FRANCISCO DO CONDE",2,-,-,-,-,-,-,-,-,-,-,-,-,-,-,-,-,-,2
"293010 SENHOR DO BONFIM",-,2,-,-,-,-,-,-,-,-,-,-,-,-,-,-,-,-,2
"293050 SERRINHA",1,-,-,-,-,-,-,-,-,-,-,-,1,-,-,-,-,-,2
"293070 SIMOES FILHO",-,-,-,-,-,-,-,-,-,-,-,-,1,-,-,-,-,-,1
"293080 SOUTO SOARES",-,-,-,-,-,-,-,-,-,-,-,-,1,-,-,-,-,-,1
"293090 TABOCAS DO BREJO VELHO",-,1,-,-,-,-,-,-,-,-,-,-,-,-,-,-,-,-,1
"293120 TAPEROA",-,-,-,-,-,-,-,-,-,-,-,-,-,1,-,-,-,-,1
"293150 TEOFILANDIA",-,-,-,-,-,-,-,-,-,-,-,-,-,-,-,-,1,-,1
"293180 TREMEDAL",-,-,-,-,-,-,-,-,-,-,-,-,-,-,-,-,1,-,1
"293190 TUCANO",4,-,-,-,-,-,-,-,-,-,-,-,-,-,-,-,-,-,4
"293260 URANDI",1,-,-,-,-,-,-,-,-,-,-,-,-,-,-,-,-,-,1
"293300 VALENTE",-,1,-,-,-,-,-,-,-,-,-,-,-,-,-,-,-,-,1
"293310 VARZEA DO POCO",-,-,-,-,-,-,-,-,1,-,-,-,-,-,-,-,-,-,1
"293320 VERA CRUZ",1,-,-,-,-,-,-,-,-,-,-,-,-,-,-,-,-,-,1
"293330 VITORIA DA CONQUISTA",2,-,-,-,-,-,-,-,-,-,-,-,-,-,-,-,-,-,2
"293345 WANDERLEY",1,-,-,-,-,-,-,-,-,-,-,-,-,-,-,-,-,-,1
"310020 ABAETE",2,-,-,-,-,-,-,-,-,-,-,-,-,-,-,-,-,-,2
"310150 ALEM PARAIBA",-,-,-,-,-,-,-,-,-,-,-,-,1,-,-,-,-,-,1
"310160 ALFENAS",-,3,-,-,-,-,-,-,-,-,-,-,-,-,-,-,-,-,3
"310170 ALMENARA",-,-,-,-,-,-,-,-,-,-,1,-,-,-,-,-,-,-,1
"310260 ANDRADAS",-,-,1,-,-,-,-,-,-,-,-,-,-,-,-,-,-,-,1
"310270 CACHOEIRA DE PAJEU",-,-,-,-,-,-,-,1,-,-,-,-,-,-,-,-,-,-,1
"310350 ARAGUARI",1,-,-,-,-,-,-,-,-,-,-,-,2,-,-,-,-,-,3
"310400 ARAXA",-,-,-,-,-,-,-,-,-,-,-,-,-,-,-,1,-,-,1
"310440 ARGIRITA",-,-,-,-,-,-,-,-,1,-,-,-,-,-,-,-,-,-,1
"310530 BANDEIRA DO SUL",-,-,-,-,-,-,-,-,-,-,-,-,1,-,-,-,-,-,1
"310560 BARBACENA",-,-,-,-,-,-,-,1,-,-,-,-,-,-,-,-,-,-,1
"310590 BARROSO",-,-,-,-,-,-,-,-,-,-,-,-,-,-,-,-,1,-,1
"310620 BELO HORIZONTE",12,4,-,-,1,-,1,-,-,-,-,-,60,10,-,-,-,-,88
"310640 BELO VALE",-,-,1,-,-,-,-,-,1,-,-,-,-,-,-,-,-,-,2
"310670 BETIM",-,2,-,-,-,-,-,-,-,-,-,-,2,1,-,1,-,-,6
"310730 BOCAIUVA",-,-,-,-,-,-,-,-,-,-,-,-,1,-,-,-,-,-,1
"310740 BOM DESPACHO",-,-,-,-,-,-,-,1,1,-,-,-,-,-,-,-,-,-,2
"310750 BOM JARDIM DE MINAS",13,-,-,-,-,-,-,-,-,-,-,-,-,-,-,-,-,-,13
"310830 BORDA DA MATA",-,-,-,-,-,-,-,-,-,-,-,-,1,-,-,-,-,-,1
"310950 CABO VERDE",-,-,-,-,-,-,-,1,-,-,-,-,-,-,-,-,-,-,1
"311030 CALDAS",-,-,-,1,-,-,-,-,-,-,-,-,-,-,-,-,-,-,1
"311050 CAMANDUCAIA",-,-,-,-,-,-,-,-,-,-,-,-,1,-,-,-,-,-,1
"311060 CAMBUI",-,1,-,-,-,-,-,-,-,-,-,-,-,-,-,-,-,-,1
"311140 CAMPO FLORIDO",1,-,-,-,-,-,-,-,-,-,-,-,-,-,-,-,-,-,1
"311220 CAPELA NOVA",-,1,-,-,-,-,-,-,-,-,-,-,-,-,-,-,-,-,1
"311450 CARMOPOLIS DE MINAS",-,-,-,-,-,-,-,-,-,-,-,-,1,-,-,-,-,-,1
"311580 CENTRALINA",-,-,-,-,-,-,-,-,-,-,-,-,1,-,-,-,-,-,1
"311660 CLAUDIO",-,-,-,-,-,-,-,-,-,-,-,-,2,-,-,-,-,-,2
"311700 COMERCINHO",-,-,-,-,-,-,-,-,-,-,-,-,-,-,-,1,-,-,1
"311730 CONCEICAO DAS ALAGOAS",1,-,-,-,-,-,-,-,-,-,-,-,-,-,-,-,-,-,1
"311830 CONSELHEIRO LAFAIETE",-,-,-,-,-,-,-,-,-,-,-,-,1,-,-,-,-,-,1
"311860 CONTAGEM",1,1,-,-,-,-,-,-,-,1,-,-,-,-,1,-,-,1,5
"311960 CORONEL PACHECO",1,-,-,-,-,-,-,-,-,-,-,-,-,-,-,-,-,-,1
"312020 CRISTAIS",-,1,-,-,-,-,-,-,-,-,-,-,-,-,-,-,-,-,1
"312230 DIVINOPOLIS",-,-,-,-,-,-,-,-,-,-,-,-,1,-,-,-,-,-,1
"312245 DIVISOPOLIS",-,-,-,-,-,-,-,-,-,-,1,-,-,-,-,-,-,-,1
"312410 ESMERALDAS",-,-,-,-,-,-,-,-,-,-,-,-,-,-,-,1,-,-,1
"312450 ESTIVA",-,-,-,-,-,-,-,1,-,-,-,-,-,-,-,-,-,-,1
"312490 EUGENOPOLIS",-,-,-,-,-,-,-,-,-,-,-,-,-,-,-,1,-,-,1
"312560 FELISBURGO",-,-,-,-,-,-,-,-,1,-,-,-,-,-,-,-,-,-,1
"312595 FERVEDOURO",-,-,-,-,-,-,-,-,-,-,-,-,-,-,1,-,-,-,1
"312610 FORMIGA",1,-,-,-,-,-,-,-,-,-,-,-,-,-,-,-,-,-,1
"312700 FRONTEIRA",-,-,-,-,-,-,-,-,1,-,-,-,-,-,-,-,-,-,1
"312710 FRUTAL",-,-,-,-,-,-,-,-,-,-,-,-,1,-,-,-,-,-,1
"312825 GUARACIAMA",-,-,-,-,-,-,-,-,1,-,-,-,-,-,-,-,-,-,1
"312840 GUARANI",2,-,-,-,-,-,-,-,-,-,-,-,-,-,-,-,-,-,2
"312860 GUARDA-MOR",-,1,-,-,-,-,-,-,-,-,-,-,-,-,-,-,-,-,1
"313080 INGAI",-,-,-,-,-,-,-,-,-,1,-,-,-,-,-,-,-,-,1
"313100 INHAUMA",-,-,-,-,-,-,-,-,1,-,-,-,-,-,-,-,-,-,1
"313130 IPATINGA",2,-,-,-,-,-,-,-,-,-,-,-,1,-,-,-,-,-,3
"313160 IRAI DE MINAS",-,-,-,-,-,-,-,-,-,-,-,-,1,-,-,-,-,-,1
"313240 ITAJUBA",-,-,-,-,1,-,-,-,-,-,-,-,-,-,-,-,-,-,1
"313300 ITAMONTE",-,-,-,-,-,-,-,-,-,-,-,-,-,1,-,-,-,-,1
"313360 ITAPEVA",1,-,-,-,-,-,-,-,1,-,-,-,-,-,-,-,-,-,2
"313380 ITAUNA",-,-,-,-,-,-,-,-,-,-,-,-,1,-,-,-,-,-,1
"313440 ITURAMA",-,-,-,-,-,-,-,-,-,2,-,-,-,1,-,-,-,-,3
"313450 ITUTINGA",1,-,-,-,-,-,-,-,-,1,-,-,-,-,-,-,-,-,2
"313650 JORDANIA",-,-,-,-,-,-,-,1,-,-,-,-,-,-,-,-,-,-,1
"313670 JUIZ DE FORA",56,-,-,-,-,-,-,-,-,-,-,-,7,2,-,-,-,-,65
"313760 LAGOA SANTA",-,-,-,-,-,-,-,-,-,-,-,-,-,-,1,-,-,-,1
"313820 LAVRAS",2,-,-,-,-,-,-,-,-,-,-,-,-,-,-,1,-,-,3
"313860 LIMA DUARTE",-,-,-,-,-,-,-,-,-,-,-,-,1,-,1,-,-,-,2
"313862 LIMEIRA DO OESTE",-,-,-,-,-,-,-,-,1,1,-,-,-,-,-,-,-,-,2
"313940 MANHUACU",1,-,-,-,-,-,-,-,-,-,-,-,-,-,-,-,-,-,1
"314000 MARIANA",-,-,-,-,-,-,-,-,-,-,-,-,1,-,-,-,-,-,1
"314080 MATIAS BARBOSA",1,-,-,-,-,-,-,-,-,-,-,-,-,-,-,-,-,-,1
"314120 MATUTINA",1,-,-,-,-,-,-,-,-,-,-,-,-,-,-,-,-,-,1
"314160 MERCES",1,-,-,-,-,-,-,-,1,-,-,-,3,-,-,-,-,-,5
"314220 MIRAI",-,-,-,-,-,-,-,-,-,-,-,-,-,1,-,-,-,-,1
"314225 MIRAVANIA",-,1,-,-,-,-,-,-,-,-,-,-,-,-,-,-,-,-,1
"314280 MONTE ALEGRE DE MINAS",-,1,-,-,-,-,-,-,-,-,-,-,-,-,-,-,-,-,1
"314300 MONTE BELO",-,-,-,-,-,-,-,-,-,-,-,-,-,-,1,-,-,-,1
"314330 MONTES CLAROS",-,-,-,-,-,-,-,-,-,-,-,-,1,-,-,-,-,-,1
"314390 MURIAE",-,-,-,-,-,-,-,-,-,-,-,-,1,-,-,-,-,2,3
"314450 NAZARENO",1,-,-,-,-,-,-,-,-,-,-,-,-,-,-,-,-,-,1
"314480 NOVA LIMA",-,-,-,-,-,-,-,-,-,-,-,-,8,-,-,-,-,-,8
"314500 NOVA PONTE",-,-,-,-,-,-,-,-,-,-,-,-,1,-,-,-,-,-,1
"314520 NOVA SERRANA",-,-,-,-,-,-,-,-,-,-,-,-,2,-,-,-,-,-,2
"314535 NOVO ORIENTE DE MINAS",-,-,-,-,-,-,-,-,-,-,-,-,1,-,-,-,-,-,1
"314590 OURO BRANCO",-,-,-,-,-,-,-,-,-,-,-,-,1,-,-,-,-,-,1
"314690 PAPAGAIOS",-,-,-,-,-,-,-,-,1,-,-,-,-,-,-,-,-,-,1
"314700 PARACATU",28,-,-,-,-,-,-,-,-,-,-,-,-,-,-,-,-,-,28
"314710 PARA DE MINAS",1,-,-,-,-,-,-,-,-,-,-,-,-,-,-,-,-,-,1
"314730 PARAISOPOLIS",-,1,-,-,-,-,-,-,-,-,-,-,-,-,-,-,-,-,1
"314760 PASSA QUATRO",-,-,-,-,-,-,-,1,-,-,-,-,1,-,-,-,-,-,2
"314790 PASSOS",-,-,-,-,-,-,-,-,-,-,-,-,1,-,-,-,-,-,1
"314800 PATOS DE MINAS",-,2,-,-,-,-,-,-,-,-,-,-,-,-,-,-,-,-,2
"314810 PATROCINIO",1,-,-,-,-,-,-,-,-,-,-,-,-,-,-,-,-,-,1
"314840 PAULISTAS",1,-,-,-,-,-,-,-,-,-,-,-,-,-,-,-,-,-,1
"314890 PEDRA DO INDAIA",-,2,-,-,-,-,-,-,-,-,-,-,-,-,-,-,-,-,2
"314910 PEDRALVA",-,-,-,-,-,-,-,-,-,-,-,-,1,-,-,-,-,-,1
"314930 PEDRO LEOPOLDO",-,-,-,-,-,-,-,-,-,-,-,-,1,-,-,-,-,-,1
"315090 PIRANGUCU",-,-,-,-,-,-,-,-,2,-,-,-,-,-,-,-,-,-,2
"315120 PIRAPORA",1,-,-,-,-,-,-,-,-,-,-,-,-,-,-,-,-,-,1
"315150 PIUMHI",1,-,-,-,-,-,-,-,-,-,-,-,-,-,-,-,-,-,1
"315170 POCO FUNDO",-,-,-,-,-,-,-,-,-,-,-,-,2,-,-,-,-,-,2
"315180 POCOS DE CALDAS",3,-,-,-,-,-,-,-,-,-,-,-,2,-,-,-,-,-,5
"315200 POMPEU",1,-,-,-,-,-,-,-,-,-,-,-,-,-,-,-,-,-,1
"315210 PONTE NOVA",-,1,-,-,-,-,-,-,-,-,-,-,-,-,-,-,-,-,1
"315250 POUSO ALEGRE",11,1,-,-,-,-,-,-,-,-,1,-,6,-,-,-,-,-,19
"315460 RIBEIRAO DAS NEVES",-,-,-,-,-,-,-,-,-,-,-,-,2,-,-,-,-,-,2
"315480 RIO ACIMA",-,-,-,-,-,-,-,-,-,-,-,-,-,1,-,-,-,-,1
"315580 RIO POMBA",3,-,-,-,-,-,-,-,-,-,-,-,1,-,-,-,-,-,4
"315600 RIO VERMELHO",-,-,-,-,-,-,-,-,-,-,-,-,1,-,-,-,-,-,1
"315690 SACRAMENTO",8,-,-,-,-,-,-,-,-,-,-,-,-,-,-,-,-,-,8
"315720 SANTA BARBARA",1,-,-,-,-,-,-,-,-,-,-,-,-,-,-,-,-,-,1
"315727 SANTA BARBARA DO MONTE VERDE",-,-,-,-,-,-,-,-,1,-,-,-,-,-,-,-,-,-,1
"315733 SANTA CRUZ DE MINAS",1,-,-,-,-,-,-,-,-,-,-,-,-,-,-,-,-,-,1
"315780 SANTA LUZIA",-,-,-,-,-,-,-,-,1,-,-,-,1,-,-,-,-,-,2
"315790 SANTA MARGARIDA",-,-,-,-,-,1,-,-,-,-,-,-,-,-,-,-,-,-,1
"315870 SANTANA DO GARAMBEU",6,-,-,-,-,-,-,-,-,-,-,-,-,-,-,-,-,-,6
"315930 SANTA RITA DE JACUTINGA",1,-,-,-,-,-,-,-,-,-,-,-,-,-,-,-,-,-,1
"315990 SANTO ANTONIO DO AMPARO",-,-,-,-,-,-,-,-,-,-,-,-,1,-,-,-,-,-,1
"316070 SANTOS DUMONT",1,-,-,-,-,-,-,-,-,-,-,-,-,-,-,-,-,-,1
"316120 SAO FRANCISCO DE PAULA",-,-,-,-,-,-,-,1,-,-,-,-,-,-,-,-,-,-,1
"316130 SAO FRANCISCO DE SALES",-,1,-,-,-,-,-,-,-,-,-,-,-,-,-,-,-,-,1
"316250 SAO JOAO DEL REI",-,-,-,-,-,-,-,-,1,-,-,-,-,-,-,-,-,-,1
"316370 SAO LOURENCO",4,-,-,-,-,-,-,-,-,-,-,-,1,-,-,-,-,-,5
"316390 SAO PEDRO DA UNIAO",1,-,-,-,-,-,-,-,-,-,-,-,-,-,-,-,-,-,1
"316470 SAO SEBASTIAO DO PARAISO",1,-,-,-,-,-,-,-,-,-,-,-,1,-,-,-,-,-,2
"316650 SERRA AZUL DE MINAS",-,-,-,-,-,-,-,-,-,-,1,-,-,-,-,-,-,-,1
"316720 SETE LAGOAS",1,-,-,-,-,-,-,-,-,-,-,-,1,-,-,-,-,-,2
"316860 TEOFILO OTONI",-,-,-,-,-,1,-,-,-,-,-,-,-,-,-,-,-,-,1
"316910 TOLEDO",-,-,-,-,-,-,-,-,-,-,-,-,1,-,-,-,-,-,1
"316940 TRES PONTAS",-,-,-,-,-,-,-,-,-,-,-,-,-,1,-,-,-,-,1
"316990 UBA",5,-,-,-,-,-,-,-,-,-,-,-,2,-,-,-,-,-,7
"317020 UBERLANDIA",7,-,-,-,-,-,-,1,2,-,-,-,26,-,-,1,-,-,37
"317040 UNAI",9,-,-,-,-,-,-,-,-,-,-,-,1,-,-,-,-,-,10
"317070 VARGINHA",1,-,-,-,-,-,-,-,-,-,-,-,-,-,-,-,-,-,1
"317120 VESPASIANO",-,-,-,-,-,-,-,-,-,1,-,-,1,-,-,1,-,-,3
"317130 VICOSA",15,-,-,-,-,-,-,-,1,-,-,-,1,-,-,-,-,-,17
"317180 VIRGINOPOLIS",-,-,-,-,-,-,-,1,-,-,-,-,-,-,-,-,-,-,1
"317190 VIRGOLANDIA",-,1,-,-,-,-,-,-,-,-,-,-,-,-,-,-,-,-,1
"317200 VISCONDE DO RIO BRANCO",-,-,-,-,-,-,-,-,1,-,-,-,1,-,-,-,-,-,2
"320020 ALEGRE",2,-,-,-,-,-,-,-,-,-,-,-,1,-,-,-,-,-,3
"320040 ANCHIETA",-,1,-,-,-,-,-,-,-,-,-,-,-,-,-,-,-,-,1
"320050 APIACA",1,-,-,-,-,-,-,-,-,-,-,-,-,-,-,-,-,-,1
"320120 CACHOEIRO DE ITAPEMIRIM",1,-,-,-,-,-,-,-,-,-,-,-,-,-,-,-,-,-,1
"320130 CARIACICA",3,-,-,-,-,-,-,-,-,-,-,-,2,-,-,-,-,-,5
"320150 COLATINA",-,-,-,-,-,-,-,-,-,-,-,-,-,1,-,-,-,-,1
"320160 CONCEICAO DA BARRA",1,-,-,-,-,-,-,-,-,-,-,-,-,-,-,-,-,-,1
"320210 ECOPORANGA",2,-,-,-,-,-,-,-,-,-,-,-,-,-,-,-,-,-,2
"320240 GUARAPARI",5,-,-,-,-,-,1,-,-,-,-,-,-,-,-,-,-,-,6
"320270 ITAGUACU",2,-,-,-,-,-,-,-,-,-,-,-,-,-,-,-,-,-,2
"320320 LINHARES",1,-,-,-,-,-,-,-,-,-,-,-,-,-,-,-,-,-,1
"320380 MUQUI",1,-,-,-,-,-,-,-,-,-,-,-,-,-,-,-,-,-,1
"320420 PIUMA",1,-,-,-,-,-,-,-,-,-,-,-,-,-,-,-,-,-,1
"320455 SANTA MARIA DE JETIBA",1,-,-,-,-,-,-,-,-,-,-,-,-,-,-,-,-,-,1
"320460 SANTA TERESA",1,-,-,-,-,-,-,-,-,-,-,-,-,-,-,-,-,-,1
"320490 SAO MATEUS",-,1,-,-,-,-,-,-,-,-,-,-,-,-,-,-,-,-,1
"320495 SAO ROQUE DO CANAA",1,-,-,-,-,-,-,-,-,-,-,-,-,-,-,-,-,-,1
"320500 SERRA",9,-,-,-,-,-,-,-,-,-,-,-,-,-,-,-,-,-,9
"320503 VARGEM ALTA",1,-,-,-,-,-,-,-,-,-,-,-,-,-,-,-,-,-,1
"320510 VIANA",1,1,-,-,-,-,-,-,-,-,-,-,-,-,-,-,-,-,2
"320520 VILA VELHA",16,1,-,-,-,-,-,-,-,-,-,-,-,-,-,-,-,-,17
"320530 VITORIA",28,-,-,-,-,-,1,-,-,-,-,-,1,-,-,-,-,-,30
"330010 ANGRA DOS REIS",36,1,-,-,-,-,-,-,-,-,-,-,1,1,-,-,-,-,39
"330020 ARARUAMA",-,-,-,-,-,-,-,-,-,-,-,-,-,1,-,-,-,-,1
"330023 ARMACAO DOS BUZIOS",1,-,-,-,-,-,-,-,-,-,-,-,-,1,-,-,-,-,2
"330025 ARRAIAL DO CABO",1,-,-,-,-,-,-,-,-,-,-,-,-,-,-,-,-,-,1
"330030 BARRA DO PIRAI",-,-,-,-,-,-,-,-,-,-,-,-,-,1,-,-,-,-,1
"330040 BARRA MANSA",2,-,-,-,-,-,-,-,-,-,-,-,-,-,-,-,-,-,2
"330045 BELFORD ROXO",47,2,-,-,-,-,-,-,-,-,-,-,5,33,-,-,-,-,87
"330060 BOM JESUS DO ITABAPOANA",1,-,-,-,-,-,-,-,-,-,-,-,-,-,-,-,-,-,1
"330070 CABO FRIO",1,-,-,-,-,-,-,-,-,-,-,-,-,1,-,-,-,-,2
"330080 CACHOEIRAS DE MACACU",1,-,-,-,-,-,-,-,-,-,-,-,-,-,-,-,-,-,1
"330095 COMENDADOR LEVY GASPARIAN",-,-,-,-,-,-,-,-,-,-,-,-,-,1,-,-,-,-,1
"330100 CAMPOS DOS GOYTACAZES",2,3,-,-,-,-,-,-,-,-,-,-,-,1,-,-,-,-,6
"330110 CANTAGALO",4,-,-,-,-,-,-,-,-,-,-,-,-,-,-,-,-,-,4
"330120 CARMO",-,-,-,1,-,-,-,-,-,-,-,-,-,-,-,-,-,-,1
"330130 CASIMIRO DE ABREU",1,1,-,-,-,-,-,-,-,-,-,-,1,-,-,-,-,-,3
"330150 CORDEIRO",4,-,-,-,-,-,-,-,-,-,-,-,-,-,-,-,-,-,4
"330170 DUQUE DE CAXIAS",23,2,9,-,-,-,-,-,-,-,-,2,219,163,-,-,-,-,418
"330187 IGUABA GRANDE",7,1,-,-,-,-,-,-,-,-,-,-,1,-,-,-,-,-,9
"330190 ITABORAI",6,-,-,-,-,-,-,-,-,-,-,-,6,2,-,-,-,-,14
"330200 ITAGUAI",12,2,-,-,-,-,-,-,-,-,-,-,1,2,-,-,-,-,17
"330220 ITAPERUNA",-,-,-,-,-,-,-,-,-,-,-,-,2,-,-,1,-,-,3
"330240 MACAE",6,2,-,-,-,-,-,-,-,-,1,-,2,8,-,-,-,-,19
"330250 MAGE",-,3,-,-,-,-,-,-,-,-,-,-,27,13,-,1,-,-,44
"330260 MANGARATIBA",3,-,-,-,-,-,-,-,-,-,-,-,-,-,-,-,-,-,3
"330270 MARICA",2,3,-,-,-,-,-,-,-,-,-,-,-,-,-,-,-,-,5
"330280 MENDES",-,-,-,-,-,-,-,-,-,-,-,-,-,1,-,-,-,-,1
"330285 MESQUITA",5,5,-,-,-,-,-,-,-,-,-,-,-,6,-,-,-,-,16
"330290 MIGUEL PEREIRA",1,-,-,-,-,-,-,-,-,-,-,-,-,-,-,-,-,-,1
"330320 NILOPOLIS",1,-,-,-,-,-,-,-,-,-,-,-,1,22,-,-,-,-,24
"330330 NITEROI",89,-,1,-,-,-,-,-,-,-,-,1,18,94,-,-,-,-,203
"330340 NOVA FRIBURGO",5,-,-,-,-,-,-,-,-,-,-,-,-,37,-,-,-,-,42
"330350 NOVA IGUACU",11,-,-,-,-,-,-,-,-,-,-,-,17,97,-,-,-,-,125
"330360 PARACAMBI",1,-,-,-,-,-,-,-,-,-,-,-,-,-,-,-,-,-,1
"330380 PARATY",-,-,-,-,-,-,-,-,-,-,-,-,13,1,-,-,-,-,14
"330385 PATY DO ALFERES",-,-,-,-,-,-,-,-,-,-,-,-,-,2,-,-,-,-,2
"330390 PETROPOLIS",14,-,-,-,-,-,-,-,-,-,-,-,4,11,-,-,-,-,29
"330411 PORTO REAL",-,-,-,-,-,-,-,-,-,-,-,-,-,1,-,-,-,-,1
"330412 QUATIS",1,-,-,-,-,-,-,-,-,-,-,-,-,-,-,-,-,-,1
"330414 QUEIMADOS",-,-,-,-,-,-,-,-,-,-,-,-,-,23,-,-,-,-,23
"330420 RESENDE",5,-,-,-,-,-,-,-,-,-,-,-,-,2,-,-,-,-,7
"330430 RIO BONITO",4,2,-,-,-,-,-,-,-,-,-,-,-,8,-,-,-,-,14
"330440 RIO CLARO",1,-,-,-,-,-,-,-,-,-,-,-,-,-,-,-,-,-,1
"330452 RIO DAS OSTRAS",3,-,-,-,-,-,-,-,-,-,-,-,2,1,-,-,-,-,6
"330455 RIO DE JANEIRO",1218,103,-,-,4,-,-,4,-,-,-,16,138,625,3,2,-,-,2113
"330490 SAO GONCALO",4,-,-,-,-,-,-,-,-,-,-,-,1,22,-,-,-,-,27
"330500 SAO JOAO DA BARRA",1,-,-,-,-,-,-,-,-,-,-,-,-,-,-,-,-,-,1
"330510 SAO JOAO DE MERITI",20,8,-,-,-,-,-,-,-,-,-,-,23,26,-,-,-,-,77
"330520 SAO PEDRO DA ALDEIA",1,-,-,-,-,-,-,-,-,-,-,-,-,2,-,-,-,-,3
"330550 SAQUAREMA",-,-,-,-,-,-,-,-,-,-,-,-,1,-,-,-,-,-,1
"330555 SEROPEDICA",4,1,-,-,-,-,-,-,-,-,-,-,-,-,-,-,-,-,5
"330575 TANGUA",3,5,-,-,-,-,-,-,-,-,-,-,-,-,-,-,-,-,8
"330580 TERESOPOLIS",7,-,-,-,-,-,-,-,-,-,-,-,1,30,1,-,-,-,39
"330610 VALENCA",2,1,-,-,-,-,-,-,-,-,-,-,-,25,-,-,-,-,28
"330615 VARRE-SAI",-,-,-,-,-,-,-,-,-,-,-,-,-,-,1,-,-,-,1
"330620 VASSOURAS",-,-,-,-,-,-,-,-,-,-,-,-,-,-,1,-,-,-,1
"330630 VOLTA REDONDA",2,-,-,-,-,-,-,-,-,-,-,-,-,3,-,-,-,-,5
"350010 ADAMANTINA",-,-,-,-,-,-,-,-,-,-,-,-,2,-,-,-,-,-,2
"350050 AGUAS DE LINDOIA",-,-,-,-,-,-,-,-,-,-,-,-,1,-,-,-,-,-,1
"350070 AGUDOS",-,-,-,-,-,-,-,-,-,-,-,-,2,-,-,-,-,-,2
"350100 ALTINOPOLIS",-,-,-,-,-,-,-,-,-,-,-,-,2,-,1,-,-,-,3
"350115 ALUMINIO",-,-,-,-,-,-,-,-,-,-,-,-,1,-,-,-,-,-,1
"350150 ALVINLANDIA",-,-,-,-,-,-,-,-,-,-,-,-,3,-,-,-,-,-,3
"350160 AMERICANA",7,29,-,-,2,-,-,-,-,-,-,-,9,-,-,-,-,-,47
"350170 AMERICO BRASILIENSE",-,1,-,-,-,-,-,-,-,-,-,-,-,-,-,-,-,-,1
"350190 AMPARO",1,1,-,-,-,-,-,-,-,-,-,-,5,-,-,-,-,-,7
"350210 ANDRADINA",-,-,-,-,-,-,-,-,-,-,-,-,4,-,-,-,-,-,4
"350220 ANGATUBA",1,-,-,-,-,-,-,-,-,-,-,-,7,-,-,-,-,-,8
"350230 ANHEMBI",-,1,-,-,-,-,-,-,-,-,-,-,-,-,-,-,-,-,1
"350240 ANHUMAS",-,-,-,-,-,-,-,-,-,-,-,-,2,-,-,-,-,-,2
"350250 APARECIDA",-,-,-,-,-,-,-,-,-,-,-,-,2,-,-,-,-,-,2
"350275 ARACARIGUAMA",-,-,-,-,-,-,-,-,-,-,-,-,7,-,-,-,-,-,7
"350280 ARACATUBA",-,-,-,-,-,-,-,-,-,-,-,-,16,-,-,-,-,-,16
"350310 ARANDU",-,-,-,-,-,-,-,-,-,-,-,-,1,-,-,-,-,-,1
"350320 ARARAQUARA",7,1,-,-,-,-,-,-,-,-,-,-,1,-,-,-,-,-,9
"350330 ARARAS",2,-,-,-,-,-,-,-,-,-,-,-,17,-,-,-,-,-,19
"350380 ARTUR NOGUEIRA",-,1,-,-,-,-,-,-,-,-,-,-,4,-,-,-,-,-,5
"350390 ARUJA",4,2,-,-,-,-,-,-,-,-,-,-,68,4,-,-,-,-,78
"350400 ASSIS",2,1,-,-,-,-,-,-,-,-,-,-,1,1,-,-,-,-,5
"350410 ATIBAIA",-,1,-,-,-,-,-,-,-,-,-,-,57,1,-,1,-,-,60
"350430 AVAI",-,-,-,-,-,-,-,-,-,-,-,-,-,1,-,-,-,-,1
"350450 AVARE",-,-,-,-,-,-,-,-,-,-,-,-,1,-,-,-,-,-,1
"350460 BADY BASSITT",-,-,-,-,-,-,-,-,-,-,-,-,6,-,-,-,-,-,6
"350520 BARIRI",-,-,-,-,-,-,-,-,-,-,-,-,2,-,-,-,-,-,2
"350530 BARRA BONITA",-,-,-,-,-,-,-,-,-,-,-,-,1,-,-,-,-,-,1
"350540 BARRA DO TURVO",-,-,-,-,-,-,-,-,-,-,-,-,-,-,-,-,-,1,1
"350550 BARRETOS",-,-,-,-,-,-,-,-,-,-,-,-,8,1,-,-,-,-,9
"350560 BARRINHA",-,-,-,-,-,-,-,-,-,-,-,-,2,-,-,-,-,-,2
"350570 BARUERI",15,8,-,-,-,-,-,-,-,-,-,-,507,9,-,-,-,-,539
"350580 BASTOS",-,-,-,-,-,-,-,-,-,-,-,-,1,-,-,-,-,-,1
"350590 BATATAIS",-,4,-,-,-,-,-,-,-,-,-,-,-,-,-,-,-,-,4
"350600 BAURU",1,-,-,-,-,-,3,-,-,-,-,-,87,3,-,-,-,-,94
"350610 BEBEDOURO",-,-,-,-,-,-,-,-,-,-,-,-,4,-,-,-,-,-,4
"350635 BERTIOGA",-,-,-,-,-,-,-,-,-,-,-,-,8,34,-,-,-,-,42
"350650 BIRIGUI",1,-,-,-,-,-,-,-,-,-,-,-,4,-,-,-,-,-,5
"350660 BIRITIBA-MIRIM",-,-,-,-,-,-,-,-,-,-,-,-,1,-,-,-,-,-,1
"350700 BOITUVA",-,-,-,-,-,-,-,-,-,-,-,-,2,-,-,-,-,-,2
"350710 BOM JESUS DOS PERDOES",-,-,-,-,-,-,-,-,-,-,-,-,3,1,-,-,-,-,4
"350750 BOTUCATU",-,-,-,-,-,-,-,-,-,-,-,-,2,-,-,-,-,-,2
"350760 BRAGANCA PAULISTA",3,-,-,-,-,-,-,-,-,-,-,-,33,3,-,-,-,-,39
"350780 BRODOWSKI",1,1,-,-,-,-,-,-,-,-,-,-,-,-,-,-,-,-,2
"350790 BROTAS",-,-,-,-,-,-,-,-,-,-,-,-,1,-,-,-,-,-,1
"350810 BURITAMA",-,-,-,-,-,-,-,-,-,-,-,-,1,1,-,-,-,-,2
"350840 CABREUVA",-,-,-,-,-,-,-,-,-,-,-,-,2,-,-,-,-,-,2
"350850 CACAPAVA",2,2,-,-,-,-,-,-,-,-,-,-,32,-,-,-,-,-,36
"350900 CAIEIRAS",2,1,-,-,-,-,-,-,-,-,-,-,200,2,-,-,-,-,205
"350920 CAJAMAR",2,1,-,-,-,-,-,-,-,-,-,-,24,-,-,-,-,-,27
"350925 CAJATI",-,-,-,-,-,-,-,-,-,-,-,-,5,-,-,-,-,-,5
"350930 CAJOBI",-,-,-,-,-,-,-,-,-,-,-,-,1,-,-,-,-,-,1
"350950 CAMPINAS",18,33,-,-,1,-,-,1,-,-,-,-,199,37,1,-,-,-,290
"350960 CAMPO LIMPO PAULISTA",1,-,-,-,-,-,-,-,-,-,-,-,28,-,-,-,-,-,29
"350970 CAMPOS DO JORDAO",-,1,-,-,-,-,-,-,-,-,-,-,2,-,-,1,-,-,4
"351000 CANDIDO MOTA",-,-,-,-,-,-,-,-,-,-,-,-,6,1,-,-,-,-,7
"351010 CANDIDO RODRIGUES",1,-,-,-,-,-,-,-,-,-,-,-,-,-,-,-,-,-,1
"351020 CAPAO BONITO",-,-,-,-,-,-,-,-,-,-,-,-,2,-,-,-,-,-,2
"351030 CAPELA DO ALTO",-,-,-,-,-,-,-,-,-,-,-,-,7,1,-,-,-,-,8
"351050 CARAGUATATUBA",-,2,-,-,-,-,-,-,-,-,-,-,13,-,-,-,-,-,15
"351060 CARAPICUIBA",2,1,-,-,-,-,-,-,-,-,-,-,107,1,-,-,-,-,111
"351080 CASA BRANCA",1,-,-,-,-,-,-,-,-,-,-,-,-,-,-,-,-,-,1
"351110 CATANDUVA",-,-,-,-,-,-,-,-,-,-,-,-,9,-,-,-,-,-,9
"351150 CERQUILHO",-,-,-,-,-,-,-,-,-,-,-,-,5,-,-,-,-,-,5
"351160 CESARIO LANGE",-,-,-,-,-,-,-,-,-,-,-,-,3,-,-,-,-,-,3
"351170 CHARQUEADA",1,-,-,-,-,-,-,-,-,-,-,-,-,-,-,-,-,-,1
"351210 COLOMBIA",-,-,-,-,-,-,-,-,-,-,-,-,1,-,-,-,-,-,1
"351240 CORDEIROPOLIS",-,-,-,-,-,-,-,-,-,-,-,-,1,-,-,-,-,-,1
"351250 COROADOS",-,-,-,-,-,-,-,-,-,-,-,-,3,-,-,-,-,-,3
"351270 CORUMBATAI",-,-,-,-,1,-,-,-,-,-,-,-,-,-,-,-,-,-,1
"351280 COSMOPOLIS",1,6,-,-,-,-,-,-,-,-,-,-,3,-,-,-,-,-,10
"351300 COTIA",-,1,-,-,-,-,-,-,-,-,-,-,138,9,-,-,-,-,148
"351310 CRAVINHOS",-,-,-,-,-,-,-,-,-,-,-,-,4,-,-,-,-,-,4
"351340 CRUZEIRO",-,1,-,-,-,-,-,-,-,-,-,-,17,-,-,-,-,-,18
"351350 CUBATAO",-,3,-,-,1,-,-,-,-,-,-,-,20,6,-,1,-,-,31
"351370 DESCALVADO",-,-,-,-,-,-,-,-,-,-,-,-,1,-,-,-,-,-,1
"351380 DIADEMA",42,19,-,-,-,-,-,-,-,-,-,-,124,2,-,-,-,-,187
"351390 DIVINOLANDIA",-,-,-,-,-,-,-,-,-,-,-,-,9,-,-,-,-,-,9
"351410 DOIS CORREGOS",-,-,-,-,-,-,-,-,-,-,-,-,2,-,-,-,-,-,2
"351430 DOURADO",1,-,-,-,-,-,-,-,-,-,-,-,1,-,-,-,-,-,2
"351440 DRACENA",-,-,-,-,-,-,-,-,-,-,-,-,3,-,-,-,-,-,3
"351450 DUARTINA",-,-,-,-,-,-,-,-,-,-,-,-,2,-,-,-,-,-,2
"351500 EMBU DAS ARTES",4,8,-,-,-,-,-,-,-,-,-,-,52,3,-,-,-,-,67
"351510 EMBU-GUACU",-,-,-,-,-,-,-,-,-,-,-,-,23,-,-,-,-,-,23
"351515 ENGENHEIRO COELHO",-,3,-,-,-,-,-,-,-,-,-,-,2,-,-,-,-,-,5
"351518 ESPIRITO SANTO DO PINHAL",-,-,-,-,-,-,-,-,-,-,-,-,1,-,-,-,-,-,1
"351550 FERNANDOPOLIS",-,-,-,-,-,-,-,-,-,-,-,-,98,2,-,-,-,-,100
"351570 FERRAZ DE VASCONCELOS",6,1,-,-,-,-,-,-,-,-,-,-,36,4,-,-,-,-,47
"351600 FLORIDA PAULISTA",-,-,-,-,-,-,-,-,-,-,-,-,1,-,-,-,-,-,1
"351620 FRANCA",-,1,-,-,-,-,-,-,-,-,-,-,23,2,-,-,-,-,26
"351630 FRANCISCO MORATO",3,4,-,-,-,-,-,-,-,-,-,-,441,3,-,-,-,-,451
"351640 FRANCO DA ROCHA",6,4,-,-,-,-,-,-,-,-,-,-,403,1,-,-,-,-,414
"351670 GARCA",-,-,-,-,-,-,-,-,-,-,-,-,6,-,-,-,-,-,6
"351690 GENERAL SALGADO",-,-,-,-,-,-,-,-,-,-,-,-,1,-,-,-,-,-,1
"351700 GETULINA",-,-,-,-,-,-,-,-,-,-,-,-,1,-,-,-,-,-,1
"351720 GUAICARA",1,-,-,-,-,-,-,-,-,-,-,-,-,-,-,-,-,-,1
"351740 GUAIRA",1,1,-,-,-,-,-,-,-,-,-,-,3,-,-,-,-,-,5
"351750 GUAPIACU",-,-,-,-,-,-,-,-,-,-,-,-,1,-,-,-,-,-,1
"351770 GUARA",-,1,-,-,-,-,-,-,-,-,-,-,-,-,-,-,-,-,1
"351830 GUARAREMA",-,-,-,-,-,-,-,-,-,-,-,-,31,6,-,-,-,-,37
"351840 GUARATINGUETA",-,1,-,-,-,-,-,-,-,-,-,-,5,-,-,-,-,-,6
"351860 GUARIBA",2,-,-,-,-,-,-,-,-,-,-,-,6,-,-,-,-,-,8
"351870 GUARUJA",-,-,-,-,-,-,-,-,-,-,-,-,41,11,-,-,-,-,52
"351880 GUARULHOS",25,12,1,-,-,-,-,-,-,-,-,-,792,35,-,-,-,-,865
"351905 HOLAMBRA",-,-,-,-,-,-,-,-,-,-,-,-,-,1,-,-,-,-,1
"351907 HORTOLANDIA",2,2,-,-,-,-,-,-,-,-,-,-,17,2,-,-,-,-,23
"351920 IACRI",-,-,-,-,-,-,-,-,-,-,-,-,1,-,-,-,-,-,1
"351930 IBATE",-,-,-,-,-,-,-,-,-,-,-,-,4,-,-,-,-,-,4
"351940 IBIRA",-,-,-,-,-,-,-,-,-,-,-,-,1,-,-,-,-,-,1
"351950 IBIRAREMA",-,-,-,-,-,-,-,-,-,-,-,-,2,-,-,-,-,-,2
"351960 IBITINGA",-,-,-,-,-,-,-,-,-,-,-,-,4,-,-,-,-,-,4
"351970 IBIUNA",-,-,-,-,-,-,-,-,-,-,-,-,1,-,-,-,-,-,1
"352000 IGARACU DO TIETE",-,-,-,-,-,-,-,-,-,-,-,-,3,-,-,-,-,-,3
"352030 IGUAPE",-,-,-,-,-,-,-,-,-,-,-,-,1,-,-,-,-,-,1
"352040 ILHABELA",-,-,-,-,-,-,-,-,-,-,-,-,7,-,-,-,-,-,7
"352044 ILHA SOLTEIRA",-,-,-,-,-,-,-,-,-,-,-,-,2,-,-,-,-,-,2
"352050 INDAIATUBA",1,-,-,-,-,-,-,-,-,-,-,-,39,1,-,-,-,-,41
"352060 INDIANA",1,-,-,-,-,-,-,-,-,-,-,-,-,-,-,-,-,-,1
"352090 IPAUSSU",-,-,-,-,-,-,-,-,-,-,-,-,1,-,-,-,-,-,1
"352100 IPERO",1,-,-,-,-,-,-,-,-,-,-,-,2,1,-,-,-,-,4
"352140 IRACEMAPOLIS",1,-,-,-,-,-,-,-,-,-,-,-,-,-,-,-,-,-,1
"352210 ITANHAEM",-,1,-,-,-,-,-,-,-,-,-,-,13,1,-,-,-,-,15
"352220 ITAPECERICA DA SERRA",5,2,-,-,-,-,-,-,-,-,-,-,79,1,-,-,-,-,87
"352230 ITAPETININGA",1,5,-,-,-,-,-,-,-,-,-,-,18,5,-,-,-,-,29
"352240 ITAPEVA",-,-,-,-,-,-,-,-,-,-,-,-,2,-,-,-,-,-,2
"352250 ITAPEVI",2,1,-,-,-,-,-,-,-,-,-,-,72,-,-,-,-,-,75
"352260 ITAPIRA",-,-,-,-,-,-,-,-,-,-,-,-,4,-,-,-,-,-,4
"352270 ITAPOLIS",-,-,-,-,-,-,-,-,-,-,-,-,2,-,-,-,-,-,2
"352280 ITAPORANGA",-,-,-,-,-,-,-,-,-,-,-,-,1,-,-,-,-,-,1
"352290 ITAPUI",-,-,-,-,-,-,-,-,-,-,-,-,2,-,-,-,-,-,2
"352310 ITAQUAQUECETUBA",2,-,-,-,-,-,-,-,-,-,-,-,182,3,-,-,-,-,187
"352340 ITATIBA",5,1,-,-,-,-,-,-,-,-,-,-,8,1,-,-,-,-,15
"352350 ITATINGA",1,-,-,-,-,-,-,-,-,-,-,-,-,-,-,-,-,-,1
"352360 ITIRAPINA",-,-,-,-,-,-,-,-,-,-,-,-,1,-,-,-,-,-,1
"352380 ITOBI",-,-,-,-,-,-,-,-,-,-,-,-,1,-,-,-,-,-,1
"352390 ITU",1,-,-,-,-,-,-,-,-,-,-,-,39,6,-,-,-,-,46
"352400 ITUPEVA",-,1,-,-,-,-,-,-,-,-,-,-,4,-,-,-,-,-,5
"352420 JABORANDI",-,-,-,-,-,-,-,-,-,-,-,-,2,-,-,-,-,-,2
"352430 JABOTICABAL",-,-,-,-,-,-,-,-,-,-,-,-,7,-,-,-,-,-,7
"352440 JACAREI",14,11,-,-,-,-,-,-,-,-,-,-,11,1,-,-,-,-,37
"352470 JAGUARIUNA",-,-,2,-,-,-,-,-,-,-,-,-,21,1,-,-,-,-,24
"352480 JALES",-,-,-,-,-,-,-,-,-,-,-,-,3,-,-,-,-,-,3
"352500 JANDIRA",3,2,-,-,-,-,-,-,-,-,-,1,47,1,-,-,-,-,54
"352510 JARDINOPOLIS",-,1,-,-,-,-,-,-,-,-,-,-,-,-,-,-,-,-,1
"352520 JARINU",-,-,-,-,-,-,-,-,-,-,-,-,1,-,-,-,-,-,1
"352530 JAU",-,1,-,-,-,-,-,-,-,-,-,-,17,3,-,-,-,-,21
"352550 JOANOPOLIS",-,-,-,-,-,-,-,-,-,-,-,-,5,-,-,-,-,-,5
"352570 JOSE BONIFACIO",-,-,-,-,-,-,-,-,-,-,-,-,4,-,-,-,-,-,4
"352585 JUMIRIM",-,-,-,-,-,-,-,-,-,-,-,-,1,-,-,-,-,-,1
"352590 JUNDIAI",3,-,-,-,-,-,-,-,-,-,-,-,182,-,-,-,-,-,185
"352600 JUNQUEIROPOLIS",-,-,-,-,-,-,-,-,-,-,-,-,4,-,-,-,-,-,4
"352610 JUQUIA",-,-,-,-,-,-,-,-,-,-,-,-,1,-,-,-,-,-,1
"352620 JUQUITIBA",-,-,-,-,-,-,-,-,-,-,-,-,3,-,-,-,-,-,3
"352640 LARANJAL PAULISTA",-,-,-,-,-,-,-,-,-,-,-,-,1,-,-,-,-,-,1
"352670 LEME",-,-,-,-,-,-,-,-,-,-,-,-,2,1,-,-,-,-,3
"352680 LENCOIS PAULISTA",1,-,-,-,-,-,-,-,-,-,-,-,-,-,-,-,-,-,1
"352690 LIMEIRA",7,1,-,-,-,-,-,-,-,-,-,-,54,-,-,-,-,-,62
"352710 LINS",-,2,-,-,-,-,-,-,-,-,-,-,1,-,-,-,-,-,3
"352720 LORENA",-,1,-,-,-,-,-,-,-,-,-,-,11,1,-,-,-,-,13
"352730 LOUVEIRA",-,4,-,-,-,-,-,-,-,-,-,-,6,-,-,-,-,-,10
"352740 LUCELIA",-,-,-,-,-,-,-,-,-,-,-,-,1,-,-,-,-,-,1
"352760 LUIS ANTONIO",-,-,-,-,-,-,-,-,-,-,-,1,2,-,-,-,-,-,3
"352800 MACATUBA",1,-,-,-,-,-,-,-,-,-,-,-,-,-,-,-,-,-,1
"352830 MAGDA",-,1,-,-,-,-,-,-,-,-,-,-,-,-,-,-,-,-,1
"352840 MAIRINQUE",-,-,-,-,-,-,-,-,-,-,-,-,5,-,-,-,-,-,5
"352850 MAIRIPORA",2,-,-,-,-,-,-,-,-,-,-,-,91,1,-,-,-,-,94
"352890 MARIAPOLIS",-,-,-,-,-,-,-,-,-,-,-,-,2,-,-,-,-,-,2
"352900 MARILIA",13,1,-,-,-,-,-,-,-,-,-,-,37,4,-,-,-,-,55
"352930 MATAO",-,-,-,-,-,-,-,-,-,-,-,-,2,1,-,-,-,-,3
"352940 MAUA",21,5,-,-,-,-,-,-,-,-,-,-,275,11,-,-,-,1,313
"352960 MERIDIANO",-,-,-,-,-,-,-,-,-,-,-,-,1,-,-,-,-,-,1
"353010 MIRANDOPOLIS",1,2,-,-,-,-,-,-,-,-,-,-,1,-,-,-,-,-,4
"353030 MIRASSOL",-,-,-,-,-,-,-,-,-,-,-,-,12,-,-,-,-,-,12
"353040 MIRASSOLANDIA",-,-,-,-,-,-,-,-,-,-,-,-,1,-,-,-,-,-,1
"353050 MOCOCA",-,-,-,-,-,-,-,-,-,-,-,-,1,-,-,-,-,-,1
"353060 MOGI DAS CRUZES",15,4,-,-,-,-,-,-,-,-,-,-,211,10,-,-,-,-,240
"353070 MOGI GUACU",1,1,-,-,-,-,-,-,-,-,-,-,12,3,-,-,-,-,17
"353080 MOGI MIRIM",-,-,-,-,-,-,-,-,-,-,-,-,9,-,-,-,-,-,9
"353110 MONGAGUA",-,-,-,-,-,-,-,-,-,-,-,-,22,4,-,-,-,-,26
"353120 MONTE ALEGRE DO SUL",-,-,-,-,-,-,-,-,-,-,-,-,1,-,-,-,-,-,1
"353130 MONTE ALTO",-,-,-,-,-,-,-,-,-,-,-,-,1,-,-,-,-,-,1
"353140 MONTE APRAZIVEL",6,4,-,-,-,-,-,-,-,-,-,-,-,-,-,-,-,-,10
"353180 MONTE MOR",-,-,-,-,-,-,-,-,-,-,-,-,2,-,-,-,-,-,2
"353190 MORRO AGUDO",-,-,-,-,-,-,-,-,-,-,-,-,2,-,-,-,-,-,2
"353200 MORUNGABA",1,-,-,-,-,-,-,-,-,-,-,-,-,-,-,-,-,-,1
"353240 NAZARE PAULISTA",-,-,-,-,-,-,-,-,-,-,-,-,3,-,-,-,-,-,3
"353250 NEVES PAULISTA",-,1,-,-,-,-,-,-,-,-,-,-,-,-,-,-,-,-,1
"353260 NHANDEARA",-,-,-,-,-,-,-,-,-,-,-,-,1,-,-,-,-,-,1
"353270 NIPOA",-,2,-,-,-,-,-,-,-,-,-,-,-,-,-,-,-,-,2
"353300 NOVA GRANADA",1,-,-,-,-,-,-,-,-,-,-,-,1,-,-,-,-,-,2
"353340 NOVA ODESSA",-,6,-,-,1,-,-,-,-,-,-,-,-,-,-,-,-,-,7
"353350 NOVO HORIZONTE",1,-,-,-,-,-,-,-,-,-,-,-,-,-,-,-,-,-,1
"353360 NUPORANGA",-,-,-,-,-,-,-,-,-,-,-,-,1,-,-,-,-,-,1
"353390 OLIMPIA",-,-,-,-,-,-,-,-,-,-,-,-,-,1,-,-,-,-,1
"353410 ORIENTE",-,-,-,-,-,-,-,-,-,-,-,-,1,-,-,-,-,-,1
"353440 OSASCO",16,3,-,-,-,-,-,-,-,-,-,-,314,-,1,-,-,-,334
"353470 OURINHOS",-,1,-,-,-,-,-,-,-,-,-,-,24,1,-,-,-,-,26
"353490 PACAEMBU",-,-,-,-,-,-,-,-,-,-,-,-,1,-,-,-,-,-,1
"353520 PALMEIRA D'OESTE",-,-,-,-,-,-,-,-,-,-,-,-,1,-,-,-,-,-,1
"353540 PANORAMA",-,-,-,-,-,-,-,-,-,-,-,-,1,-,-,-,-,-,1
"353550 PARAGUACU PAULISTA",-,-,-,-,-,-,-,-,-,-,-,-,3,-,-,-,-,-,3
"353560 PARAIBUNA",2,-,-,-,-,-,-,-,-,-,-,-,1,-,-,-,-,-,3
"353600 PARAPUA",-,-,-,-,-,-,-,-,-,-,-,-,1,-,-,-,-,-,1
"353620 PARIQUERA-ACU",-,-,-,-,-,-,-,-,-,-,-,-,4,-,-,-,-,-,4
"353650 PAULINIA",3,5,-,-,-,-,-,-,-,-,-,-,31,-,-,-,-,-,39
"353670 PEDERNEIRAS",-,-,-,-,-,-,-,-,-,-,-,-,4,-,-,-,-,-,4
"353680 PEDRA BELA",-,-,-,-,-,-,-,-,-,-,-,-,1,-,-,-,-,-,1
"353710 PEDREIRA",-,-,-,-,-,-,-,-,-,-,-,-,2,-,-,-,-,-,2
"353720 PEDRO DE TOLEDO",-,-,-,-,-,-,-,-,-,-,-,-,3,-,-,-,-,-,3
"353730 PENAPOLIS",-,-,-,-,-,-,-,-,-,-,-,-,2,-,-,-,-,-,2
"353740 PEREIRA BARRETO",-,-,-,-,-,-,-,-,-,-,-,-,3,-,-,-,-,-,3
"353760 PERUIBE",1,-,-,-,-,-,-,-,-,-,-,-,25,-,-,-,-,-,26
"353780 PIEDADE",-,1,-,-,-,-,-,-,-,-,-,-,3,-,-,-,-,-,4
"353790 PILAR DO SUL",-,-,-,-,-,-,-,-,-,-,-,-,-,1,-,-,-,-,1
"353800 PINDAMONHANGABA",1,1,-,-,-,-,-,-,-,-,-,-,13,-,-,-,-,-,15
"353820 PINHALZINHO",1,-,-,-,-,-,-,-,-,-,-,-,-,-,-,-,-,-,1
"353870 PIRACICABA",1,-,-,-,-,-,-,-,-,-,-,-,10,2,1,-,-,-,14
"353880 PIRAJU",-,-,-,-,-,-,-,-,-,-,-,-,1,-,-,-,-,-,1
"353890 PIRAJUI",2,-,-,-,-,-,-,-,-,-,-,-,1,-,-,-,-,-,3
"353910 PIRAPORA DO BOM JESUS",-,-,-,-,-,-,-,-,-,-,-,-,1,-,-,-,-,-,1
"353930 PIRASSUNUNGA",1,-,-,-,-,-,-,-,-,-,-,-,1,98,-,-,-,-,100
"353940 PIRATININGA",1,-,-,-,-,-,-,-,-,-,-,-,1,-,-,-,-,-,2
"353980 POA",1,1,-,-,-,-,-,-,-,-,-,-,67,4,-,1,-,-,74
"354010 PONGAI",-,1,-,-,-,-,-,-,-,-,-,-,-,-,-,-,-,-,1
"354020 PONTAL",-,-,-,-,-,-,-,-,-,-,-,-,3,2,-,-,-,-,5
"354060 PORTO FELIZ",-,-,-,-,-,-,-,-,-,-,-,-,2,-,-,-,-,-,2
"354070 PORTO FERREIRA",-,-,-,-,-,-,-,-,-,-,-,-,10,-,-,-,-,-,10
"354075 POTIM",-,-,-,-,-,-,-,-,-,-,-,-,2,-,-,-,-,-,2
"354080 POTIRENDABA",-,-,-,-,-,-,-,-,-,-,-,-,1,-,-,-,-,-,1
"354090 PRADOPOLIS",1,-,-,-,-,-,-,-,-,-,-,-,2,-,-,-,-,-,3
"354100 PRAIA GRANDE",-,-,-,-,-,-,-,-,-,-,-,1,104,13,-,-,-,-,118
"354130 PRESIDENTE EPITACIO",-,-,-,-,-,-,-,-,-,-,-,-,1,-,-,-,-,-,1
"354140 PRESIDENTE PRUDENTE",-,-,-,-,-,-,-,-,-,-,-,-,14,-,-,-,-,-,14
"354150 PRESIDENTE VENCESLAU",-,-,-,-,-,-,-,-,-,-,-,-,4,-,-,-,-,-,4
"354160 PROMISSAO",-,-,-,-,-,-,-,-,-,-,-,-,1,-,-,-,-,-,1
"354190 QUELUZ",-,1,-,-,-,-,-,-,-,-,-,-,-,-,-,-,-,-,1
"354200 QUINTANA",-,-,-,-,-,-,-,-,-,-,-,-,2,-,-,-,-,-,2
"354220 RANCHARIA",-,-,-,-,-,-,-,-,-,-,-,-,1,-,-,-,-,-,1
"354240 REGENTE FEIJO",-,-,-,-,-,-,-,-,-,-,-,-,1,-,-,-,-,-,1
"354260 REGISTRO",1,-,-,-,-,-,-,-,-,-,-,-,4,2,-,-,-,-,7
"354320 RIBEIRAO DO SUL",-,-,-,-,-,-,-,-,-,-,-,-,1,-,-,-,-,-,1
"354330 RIBEIRAO PIRES",-,-,-,-,-,-,-,-,-,-,-,-,91,3,-,-,-,-,94
"354340 RIBEIRAO PRETO",4,3,-,-,-,-,-,-,-,-,-,1,82,4,-,-,-,-,94
"354370 RINCAO",-,-,-,-,-,-,-,-,-,-,-,-,1,-,-,-,-,-,1
"354390 RIO CLARO",-,1,-,-,-,-,-,-,-,-,-,-,15,1,-,-,-,-,17
"354400 RIO DAS PEDRAS",-,7,-,-,-,-,-,-,-,-,-,-,-,-,-,-,-,-,7
"354410 RIO GRANDE DA SERRA",-,-,-,-,-,-,-,-,-,-,-,-,41,1,-,-,-,-,42
"354425 ROSANA",-,-,-,-,-,-,-,-,-,-,-,-,1,-,-,-,-,-,1
"354450 RUBINEIA",-,-,-,-,-,-,-,-,-,-,-,-,2,-,-,-,-,-,2
"354480 SALES",-,1,-,-,-,-,-,-,-,-,-,-,-,-,-,-,-,-,1
"354490 SALES OLIVEIRA",-,-,-,-,-,-,-,-,-,-,-,-,1,-,-,-,-,-,1
"354515 SALTINHO",1,-,-,-,-,-,-,-,-,-,-,-,-,-,-,-,-,-,1
"354520 SALTO",-,-,-,-,-,-,-,-,-,-,-,-,10,-,-,-,-,-,10
"354530 SALTO DE PIRAPORA",-,-,-,-,-,-,-,-,-,-,-,-,1,-,-,-,-,-,1
"354540 SALTO GRANDE",-,-,-,-,-,-,-,-,-,-,-,-,2,-,-,-,-,-,2
"354560 SANTA ADELIA",-,-,-,-,-,-,-,-,-,-,-,-,2,-,-,-,-,-,2
"354580 SANTA BARBARA D'OESTE",3,18,-,-,-,-,-,-,-,-,-,-,9,3,-,-,-,-,33
"354640 SANTA CRUZ DO RIO PARDO",-,-,-,-,-,-,-,-,-,-,-,-,1,-,-,-,-,-,1
"354660 SANTA FE DO SUL",-,-,-,-,-,-,-,-,-,-,-,-,1,-,-,-,-,-,1
"354680 SANTA ISABEL",-,-,-,-,-,-,-,-,-,-,-,-,12,-,-,-,-,-,12
"354730 SANTANA DE PARNAIBA",1,-,-,-,-,-,-,-,-,-,-,-,30,3,-,-,-,-,34
"354760 SANTA ROSA DE VITERBO",1,-,-,-,-,-,-,-,-,-,-,-,-,-,-,-,-,-,1
"354780 SANTO ANDRE",29,8,-,-,1,-,-,1,-,-,-,-,435,10,-,1,-,-,485
"354810 SANTO ANTONIO DO JARDIM",-,-,-,-,-,-,-,-,-,-,-,-,-,-,-,-,1,-,1
"354850 SANTOS",1,1,-,-,1,-,-,-,-,-,-,1,160,64,-,-,-,-,228
"354870 SAO BERNARDO DO CAMPO",21,9,-,-,-,-,-,-,-,-,-,-,452,39,1,-,-,-,522
"354880 SAO CAETANO DO SUL",22,4,-,-,-,-,-,-,-,-,-,-,142,10,-,-,-,-,178
"354890 SAO CARLOS",1,1,-,-,-,-,-,-,-,-,-,-,30,2,-,-,-,-,34
"354910 SAO JOAO DA BOA VISTA",3,-,-,-,-,-,-,-,-,-,-,-,9,-,-,-,-,-,12
"354940 SAO JOAQUIM DA BARRA",-,-,-,-,-,-,-,-,-,-,-,-,1,-,-,-,-,-,1
"354950 SAO JOSE DA BELA VISTA",-,-,-,-,-,-,-,-,-,-,-,-,1,-,-,-,-,-,1
"354970 SAO JOSE DO RIO PARDO",-,-,-,-,-,-,-,-,-,-,-,-,9,-,-,-,-,-,9
"354980 SAO JOSE DO RIO PRETO",5,-,-,-,-,-,-,-,-,-,-,-,86,2,-,-,-,-,93
"354990 SAO JOSE DOS CAMPOS",52,46,-,-,-,-,-,-,-,-,-,-,82,2,-,-,-,-,182
"354995 SAO LOURENCO DA SERRA",1,-,-,-,-,-,-,-,-,-,-,-,-,-,-,-,-,-,1
"355030 SAO PAULO",1019,363,1,4,13,2,3,5,2,-,-,4,9711,443,7,5,-,-,11582
"355040 SAO PEDRO",1,-,-,-,-,-,-,-,-,-,-,-,-,-,-,-,-,-,1
"355050 SAO PEDRO DO TURVO",-,-,-,-,-,-,-,-,-,-,-,-,1,-,-,-,-,-,1
"355060 SAO ROQUE",-,-,-,-,-,-,-,-,-,-,-,-,19,1,-,-,-,-,20
"355070 SAO SEBASTIAO",1,1,-,-,8,-,-,-,-,-,-,-,9,-,-,-,-,-,19
"355080 SAO SEBASTIAO DA GRAMA",-,-,-,-,-,-,-,-,-,-,-,-,2,-,-,-,-,-,2
"355100 SAO VICENTE",-,3,1,-,-,-,-,-,-,-,-,-,19,9,-,-,-,-,32
"355110 SARAPUI",1,1,-,-,-,-,-,-,-,-,-,-,4,-,-,-,-,-,6
"355150 SERRANA",1,1,-,-,-,-,-,-,-,-,-,-,3,-,-,-,-,-,5
"355160 SERRA NEGRA",-,-,-,-,-,-,-,-,-,-,-,-,15,1,-,-,-,-,16
"355170 SERTAOZINHO",-,-,-,-,-,-,-,-,-,-,-,-,14,-,-,-,-,-,14
"355200 SILVEIRAS",-,-,-,-,-,-,-,-,-,-,-,-,1,-,-,-,-,-,1
"355210 SOCORRO",-,-,-,-,-,-,-,-,-,-,-,-,3,-,-,-,-,-,3
"355220 SOROCABA",4,1,-,2,-,-,-,-,-,-,-,-,84,7,-,-,-,-,98
"355240 SUMARE",-,13,-,-,-,-,-,-,-,-,-,-,11,1,-,-,-,-,25
"355250 SUZANO",11,3,-,-,-,-,-,-,-,-,-,-,48,1,-,-,-,-,63
"355260 TABAPUA",-,-,-,-,-,-,-,-,-,-,-,-,1,-,-,-,-,-,1
"355280 TABOAO DA SERRA",11,7,-,-,-,-,-,-,-,-,-,-,48,-,-,-,-,-,66
"355330 TAMBAU",1,-,-,-,-,-,-,-,-,-,-,-,-,-,-,-,-,-,1
"355340 TANABI",2,-,-,-,-,-,-,-,-,-,-,-,-,-,-,-,-,-,2
"355370 TAQUARITINGA",-,1,-,-,-,-,-,-,-,-,-,-,-,-,-,-,-,-,1
"355380 TAQUARITUBA",-,-,-,-,-,-,-,-,-,-,-,-,1,-,-,-,-,-,1
"355400 TATUI",-,-,-,-,-,-,-,-,-,-,-,-,23,3,-,-,-,-,26
"355410 TAUBATE",4,3,-,-,-,-,-,-,-,-,-,-,40,2,-,-,-,-,49
"355430 TEODORO SAMPAIO",-,-,-,-,-,-,-,-,-,-,-,-,2,-,-,-,-,-,2
"355450 TIETE",-,-,-,-,-,-,-,-,-,-,-,-,2,-,-,-,-,-,2
"355480 TREMEMBE",-,3,-,-,-,-,-,-,-,-,-,-,3,-,-,-,-,-,6
"355500 TUPA",1,-,-,-,-,-,-,-,-,-,-,-,5,-,-,-,-,-,6
"355510 TUPI PAULISTA",-,-,-,-,-,-,-,-,-,-,-,-,1,-,-,-,-,-,1
"355530 TURMALINA",-,-,-,-,-,-,-,-,-,-,-,-,1,-,-,-,-,-,1
"355535 UBARANA",1,-,-,-,-,-,-,-,-,-,-,-,-,-,-,-,-,-,1
"355540 UBATUBA",-,-,-,-,-,-,-,-,-,-,-,-,10,-,-,-,-,-,10
"355560 UCHOA",-,-,-,-,-,-,-,-,-,-,-,-,2,-,-,-,-,-,2
"355580 URANIA",-,-,-,-,-,-,-,-,-,-,-,-,1,-,-,-,-,-,1
"355610 VALENTIM GENTIL",-,-,-,-,-,-,-,-,-,-,-,-,4,-,-,-,-,-,4
"355620 VALINHOS",1,4,-,-,-,-,-,-,-,-,-,-,28,1,-,-,-,-,34
"355630 VALPARAISO",-,-,-,-,-,-,-,-,-,-,-,-,4,-,-,-,-,-,4
"355640 VARGEM GRANDE DO SUL",-,-,-,-,-,-,-,-,-,-,-,-,9,1,-,-,-,-,10
"355645 VARGEM GRANDE PAULISTA",1,1,-,-,-,-,-,-,-,-,-,-,12,1,-,-,-,-,15
"355650 VARZEA PAULISTA",4,-,-,-,-,-,-,-,-,-,-,-,13,2,-,-,-,-,19
"355670 VINHEDO",1,1,-,-,-,-,-,-,-,-,-,-,20,-,-,-,-,-,22
"355680 VIRADOURO",1,-,-,-,-,-,-,-,-,-,-,-,-,-,-,-,-,-,1
"355700 VOTORANTIM",-,-,-,-,-,-,-,-,-,-,-,-,4,-,-,-,-,-,4
"355710 VOTUPORANGA",-,-,-,-,-,-,-,-,-,-,-,-,25,2,-,-,-,-,27
"410040 ALMIRANTE TAMANDARE",-,-,-,-,-,-,-,-,-,-,-,-,18,7,-,-,-,-,25
"410120 ANTONINA",-,-,-,-,-,-,-,-,-,-,-,-,1,-,-,-,-,-,1
"410160 ARAPOTI",-,1,-,-,-,-,-,-,-,-,-,-,-,-,-,-,-,-,1
"410180 ARAUCARIA",-,-,-,-,-,-,-,-,-,-,-,-,9,11,-,-,-,-,20
"410230 BALSA NOVA",-,-,-,-,-,-,-,-,-,-,-,-,1,-,-,-,-,-,1
"410280 BELA VISTA DO PARAISO",1,-,-,-,-,-,-,-,-,-,-,-,-,-,-,-,-,-,1
"410290 BITURUNA",-,1,-,-,-,-,-,-,-,-,-,-,-,-,-,-,-,-,1
"410400 CAMPINA GRANDE DO SUL",-,-,-,-,-,-,-,-,-,-,-,-,11,6,-,-,-,-,17
"410410 CAMPO DO TENENTE",-,-,-,-,-,-,-,-,-,-,-,-,4,-,-,-,-,-,4
"410420 CAMPO LARGO",-,-,-,-,-,-,-,-,-,-,-,-,21,13,-,-,-,-,34
"410425 CAMPO MAGRO",-,-,-,-,-,-,-,-,-,-,-,-,8,1,-,-,-,-,9
"410430 CAMPO MOURAO",-,-,-,-,-,-,-,-,-,-,-,-,1,-,-,-,-,-,1
"410445 CANTAGALO",-,-,-,-,-,-,-,-,-,-,-,-,1,-,-,-,-,-,1
"410450 CAPANEMA",-,-,-,-,-,-,-,-,-,-,-,-,-,-,-,1,-,-,1
"410470 CARLOPOLIS",-,-,-,-,-,-,-,-,-,-,-,-,4,-,-,-,-,-,4
"410480 CASCAVEL",10,1,-,-,-,-,-,-,-,-,-,-,-,-,-,-,-,-,11
"410490 CASTRO",-,-,-,-,-,-,-,-,-,-,-,-,2,-,-,-,-,-,2
"410530 CEU AZUL",2,-,-,-,-,-,-,-,-,-,-,-,-,-,-,-,-,-,2
"410550 CIANORTE",-,-,-,-,-,-,-,-,-,-,-,-,-,1,-,1,-,-,2
"410580 COLOMBO",-,-,-,-,-,-,-,-,-,-,-,-,33,3,-,-,-,-,36
"410680 CRUZ MACHADO",-,-,-,-,-,-,-,-,-,-,-,-,1,-,-,-,-,-,1
"410690 CURITIBA",22,4,-,-,-,-,-,-,-,-,-,-,1093,349,-,1,-,1,1470
"410725 DOURADINA",2,-,-,-,-,-,-,-,-,-,-,-,-,-,-,-,-,-,2
"410765 FAZENDA RIO GRANDE",-,-,-,-,-,-,-,-,-,-,-,-,9,1,-,-,-,-,10
"410830 FOZ DO IGUACU",7,2,-,-,-,-,-,-,-,-,-,-,-,-,-,-,-,-,9
"410832 FRANCISCO ALVES",-,-,-,-,-,-,-,-,-,-,-,-,1,-,-,-,-,-,1
"410840 FRANCISCO BELTRAO",-,-,-,-,-,-,-,-,-,-,-,-,-,1,-,-,-,-,1
"410850 GENERAL CARNEIRO",-,-,-,-,-,-,-,-,-,-,-,-,1,-,-,-,1,-,2
"410880 GUAIRA",-,1,-,-,-,-,-,-,-,-,-,-,-,-,-,-,-,-,1
"410890 GUAIRACA",-,-,-,-,-,-,-,-,-,-,-,-,1,-,-,-,-,-,1
"410940 GUARAPUAVA",-,-,-,-,-,-,-,-,-,-,-,-,-,3,-,-,-,-,3
"410960 GUARATUBA",-,-,-,-,-,-,-,-,-,-,-,-,-,1,-,-,-,-,1
"410970 IBAITI",-,-,-,-,-,-,-,-,-,-,-,-,-,-,-,-,1,-,1
"411007 IMBAU",-,1,-,-,-,-,-,-,-,-,-,-,-,-,-,-,-,-,1
"411010 IMBITUVA",-,-,-,-,-,-,-,-,-,-,-,-,1,-,-,-,-,-,1
"411020 INACIO MARTINS",-,-,-,-,-,-,-,-,-,-,-,-,-,1,-,-,-,-,1
"411060 IPORA",-,-,-,-,-,-,-,-,-,-,-,-,-,-,-,-,1,-,1
"411070 IRATI",-,-,-,-,-,-,-,-,-,-,-,-,8,1,-,-,-,-,9
"411150 IVAIPORA",-,1,-,-,-,-,-,-,-,-,-,-,-,-,-,-,-,-,1
"411180 JACAREZINHO",-,-,-,-,-,-,-,-,-,-,-,-,6,2,-,-,-,-,8
"411200 JAGUARIAIVA",-,4,-,-,-,-,-,-,-,-,-,-,-,-,-,-,-,-,4
"411210 JANDAIA DO SUL",1,-,-,-,-,-,-,-,-,-,-,-,1,-,-,-,-,-,2
"411270 JATAIZINHO",-,1,-,-,-,-,-,-,-,-,-,-,-,-,-,-,-,-,1
"411320 LAPA",-,-,-,-,-,-,-,-,-,-,-,-,1,1,-,-,1,-,3
"411370 LONDRINA",4,-,-,-,-,-,-,-,-,-,-,-,7,1,-,-,-,-,12
"411390 MALLET",-,-,-,-,-,-,-,-,-,-,-,-,4,-,-,-,-,-,4
"411430 MANDIRITUBA",1,-,-,-,-,-,-,-,-,-,-,-,-,-,-,-,-,-,1
"411460 MARECHAL CANDIDO RONDON",-,-,-,-,-,-,-,-,-,-,-,-,1,-,-,-,-,-,1
"411520 MARINGA",1,-,-,-,-,-,-,-,-,-,-,-,5,-,-,-,-,-,6
"411535 MARIPA",5,1,-,-,-,-,-,-,-,-,-,-,-,-,-,-,-,-,6
"411570 MATINHOS",-,1,-,-,-,-,-,-,-,-,-,-,2,-,-,-,-,-,3
"411580 MEDIANEIRA",2,-,-,-,-,-,-,-,-,-,-,-,-,-,-,-,-,-,2
"411605 MISSAL",-,-,-,-,-,-,-,-,-,-,-,-,1,-,-,-,-,-,1
"411620 MORRETES",-,-,-,-,-,-,-,-,-,-,-,-,-,-,-,-,1,1,2
"411710 NOVA LONDRINA",1,-,-,-,-,-,-,-,-,-,-,-,-,-,-,-,-,-,1
"411722 NOVA SANTA ROSA",1,-,-,-,-,-,-,-,-,-,-,-,-,-,-,-,-,-,1
"411730 ORTIGUEIRA",-,-,-,-,-,-,-,-,-,-,-,-,-,-,-,2,-,-,2
"411800 PARAISO DO NORTE",-,-,-,-,-,-,-,-,-,-,-,-,-,1,-,-,-,1,2
"411820 PARANAGUA",-,-,-,-,-,-,-,-,-,-,-,-,2,7,-,-,-,-,9
"411850 PATO BRANCO",1,-,-,-,-,-,-,-,-,-,-,-,1,-,-,-,-,-,2
"411860 PAULA FREITAS",-,-,-,-,-,-,-,-,-,-,-,-,3,-,-,-,-,-,3
"411915 PINHAIS",1,-,-,-,-,-,-,-,-,-,-,-,26,24,-,-,-,-,51
"411930 PINHAO",-,2,-,-,-,-,-,-,-,-,-,-,-,-,-,-,-,-,2
"411950 PIRAQUARA",-,-,-,-,-,-,-,-,-,-,-,-,13,5,-,-,-,-,18
"411990 PONTA GROSSA",-,-,-,-,-,-,-,-,-,-,-,-,1,-,-,-,-,-,1
"411995 PONTAL DO PARANA",-,-,-,-,-,-,-,-,-,-,-,-,-,-,-,-,1,-,1
"412080 QUATRO BARRAS",-,-,-,-,-,-,-,-,-,-,-,-,2,4,-,-,-,-,6
"412090 QUEDAS DO IGUACU",2,-,-,-,-,-,-,-,-,-,-,-,-,-,-,-,-,-,2
"412120 QUITANDINHA",-,-,-,-,-,-,-,-,-,-,-,-,1,-,-,-,-,-,1
"412200 RIO AZUL",-,-,-,-,-,-,-,-,-,-,-,-,1,-,-,-,-,-,1
"412220 RIO BRANCO DO SUL",-,-,-,-,-,-,-,-,-,-,-,-,8,-,-,-,-,-,8
"412240 ROLANDIA",1,-,-,-,-,-,-,-,-,-,-,-,1,-,-,-,-,-,2
"412350 SANTA HELENA",-,-,-,-,-,-,-,-,-,-,-,-,-,1,-,-,-,-,1
"412370 SANTA ISABEL DO IVAI",1,-,-,-,-,-,-,-,-,-,-,-,-,-,-,-,-,-,1
"412550 SAO JOSE DOS PINHAIS",-,1,-,-,-,-,-,-,-,-,-,-,31,5,-,-,-,-,37
"412625 SARANDI",-,-,-,-,-,-,-,-,-,-,-,-,1,2,-,-,-,-,3
"412630 SENGES",1,-,-,-,-,-,-,-,-,-,-,-,-,-,-,-,-,-,1
"412710 TELEMACO BORBA",2,-,-,-,-,-,-,-,-,-,-,-,-,-,-,-,-,-,2
"412730 TERRA RICA",-,1,-,-,-,-,-,-,-,-,-,-,-,-,-,-,-,-,1
"412770 TOLEDO",1,-,-,-,-,-,-,-,-,-,-,-,3,-,-,-,-,-,4
"412796 TURVO",-,-,-,-,-,-,-,-,-,-,-,-,-,-,-,-,1,-,1
"412820 UNIAO DA VITORIA",-,-,-,-,-,-,-,-,-,-,-,-,10,3,-,-,-,-,13
"412862 ALTO PARAISO",-,-,-,-,-,-,-,-,-,-,-,-,-,-,-,-,1,-,1
"420075 ALTO BELA VISTA",-,-,-,-,-,-,-,-,-,-,-,-,1,-,-,-,-,-,1
"420140 ARARANGUA",-,1,-,-,-,-,-,-,-,-,-,-,-,-,-,-,-,-,1
"420200 BALNEARIO CAMBORIU",1,-,-,-,-,-,-,-,-,-,-,-,4,-,-,-,-,-,5
"420207 BALNEARIO GAIVOTA",1,-,-,-,-,-,-,-,-,-,-,-,-,-,-,-,-,-,1
"420220 BENEDITO NOVO",1,-,-,-,-,-,-,-,-,-,-,-,-,-,-,-,-,-,1
"420240 BLUMENAU",3,-,-,-,1,1,-,-,-,-,-,-,1,2,-,-,-,-,8
"420290 BRUSQUE",-,-,-,-,-,-,-,-,-,-,-,-,3,-,-,-,-,-,3
"420300 CACADOR",-,-,-,-,-,-,-,-,-,-,-,-,1,-,-,-,-,-,1
"420350 CAMPO ERE",1,-,-,-,-,-,-,-,-,-,-,-,-,-,-,-,-,-,1
"420380 CANOINHAS",1,-,-,-,-,-,-,-,-,-,-,-,11,-,-,-,-,-,12
"420400 CATANDUVAS",1,-,-,-,-,-,-,-,-,-,-,-,-,-,-,-,-,-,1
"420430 CONCORDIA",1,-,-,-,-,-,-,-,-,-,-,-,17,-,-,-,-,-,18
"420460 CRICIUMA",2,-,-,-,-,-,-,-,-,-,-,-,-,-,-,-,-,-,2
"420540 FLORIANOPOLIS",42,4,-,-,-,-,1,-,-,-,-,-,49,67,-,-,-,-,163
"420570 GAROPABA",1,-,-,-,-,-,-,-,-,-,-,-,3,-,-,-,-,-,4
"420600 GOVERNADOR CELSO RAMOS",2,-,-,-,-,-,-,-,-,-,-,-,-,-,-,-,-,-,2
"420650 GUARAMIRIM",-,-,-,-,-,-,-,-,-,-,-,-,3,1,-,-,-,-,4
"420700 ICARA",-,1,-,-,-,-,-,-,-,-,-,-,-,-,-,-,-,-,1
"420730 IMBITUBA",1,-,-,-,-,-,-,-,-,-,-,-,1,-,-,-,-,-,2
"420750 INDAIAL",-,-,-,-,-,-,-,-,-,-,-,-,1,-,-,-,-,-,1
"420800 ITA",-,-,-,-,-,-,-,-,-,-,-,-,-,1,-,-,-,-,1
"420820 ITAJAI",7,-,-,-,-,-,-,-,-,-,-,-,2,-,-,-,-,-,9
"420845 ITAPOA",-,-,-,-,-,-,-,-,-,-,-,-,3,-,-,-,-,-,3
"420860 JABORA",-,1,-,-,-,-,-,-,-,-,-,-,1,-,-,-,-,-,2
"420870 JACINTO MACHADO",-,1,-,-,-,-,-,-,-,-,-,-,-,-,-,-,-,-,1
"420890 JARAGUA DO SUL",1,-,-,-,-,-,-,-,-,-,-,-,15,4,-,-,-,-,20
"420910 JOINVILLE",5,-,-,-,-,-,-,-,-,-,-,-,134,15,-,-,-,-,154
"420940 LAGUNA",1,-,-,-,-,-,-,-,-,-,-,-,-,-,-,-,-,-,1
"420990 LONTRAS",4,-,-,-,-,-,-,-,-,-,-,-,-,-,-,-,-,-,4
"421010 MAFRA",-,-,-,-,-,-,-,-,-,-,-,-,2,-,-,-,-,-,2
"421050 MARAVILHA",-,-,-,-,-,-,-,-,-,-,-,-,-,1,-,-,-,-,1
"421055 MAREMA",1,-,-,-,-,-,-,-,-,-,-,-,-,-,-,-,-,-,1
"421090 MODELO",-,-,-,-,-,-,-,-,-,-,-,-,1,-,-,-,-,-,1
"421110 MONTE CASTELO",-,-,-,-,-,-,-,-,-,-,-,-,2,-,-,-,-,-,2
"421130 NAVEGANTES",1,-,-,-,-,-,-,-,-,-,-,-,-,-,-,-,-,-,1
"421150 NOVA TRENTO",1,-,-,-,-,-,-,-,-,-,-,-,-,-,-,-,-,-,1
"421190 PALHOCA",-,-,-,-,-,-,-,-,-,-,-,-,3,1,-,-,-,-,4
"421260 PERITIBA",-,-,-,-,-,-,-,-,-,-,-,-,4,-,-,-,-,-,4
"421280 BALNEARIO PICARRAS",1,-,-,-,-,-,-,-,-,-,-,-,1,-,-,-,-,-,2
"421350 PORTO BELO",-,-,-,-,-,-,-,-,-,-,-,-,1,-,-,-,-,-,1
"421360 PORTO UNIAO",-,-,-,-,-,-,-,-,-,-,-,-,8,4,-,-,-,-,12
"421390 PRESIDENTE CASTELLO BRANCO",1,-,-,-,-,-,-,-,-,-,-,-,1,-,-,-,-,-,2
"421470 RIO DOS CEDROS",-,-,-,-,-,-,-,-,-,-,-,-,1,-,-,-,-,-,1
"421580 SAO BENTO DO SUL",1,-,-,-,-,-,-,-,-,-,-,-,6,-,-,-,-,-,7
"421620 SAO FRANCISCO DO SUL",-,-,-,-,-,-,-,-,-,-,-,-,4,-,-,-,-,-,4
"421630 SAO JOAO BATISTA",-,-,-,-,-,-,-,-,-,-,-,-,2,-,-,-,-,-,2
"421660 SAO JOSE",2,-,-,-,-,-,-,-,-,-,-,-,9,1,-,-,-,-,12
"421690 SAO LOURENCO DO OESTE",-,1,-,-,-,-,-,-,-,-,-,-,-,-,-,-,-,-,1
"421730 SAUDADES",1,-,-,-,-,-,-,-,-,-,-,-,-,-,-,-,-,-,1
"421740 SCHROEDER",-,-,-,-,-,-,-,-,-,-,-,-,6,2,-,-,-,-,8
"421750 SEARA",-,-,-,-,-,-,-,-,-,-,-,-,3,-,-,-,-,-,3
"421830 TRES BARRAS",-,-,-,-,-,-,-,-,-,-,-,-,-,1,-,-,-,-,1
"421870 TUBARAO",1,-,-,-,-,-,-,-,-,-,-,-,5,-,-,-,-,-,6
"421917 VARGEM BONITA",-,-,-,-,-,-,-,-,-,-,-,-,1,-,-,-,-,-,1
"421985 ZORTEA",-,-,-,-,-,-,-,-,-,-,-,-,1,-,-,-,-,-,1
"430003 ACEGUA",3,-,-,-,-,-,-,-,-,-,-,-,-,-,-,-,-,-,3
"430040 ALEGRETE",1,-,-,-,-,-,-,-,-,-,-,-,-,-,-,-,-,-,1
"430060 ALVORADA",74,5,-,-,-,-,-,-,-,-,-,1,3,-,-,1,-,-,84
"430080 ANTONIO PRADO",6,-,-,-,-,-,-,-,-,-,-,-,-,-,-,-,-,-,6
"430087 ARARICA",1,-,-,-,-,-,-,-,-,-,-,-,-,-,-,-,-,-,1
"430107 ARROIO DO PADRE",6,-,-,-,-,-,-,-,-,-,-,-,-,-,-,-,-,-,6
"430160 BAGE",48,-,-,-,-,-,-,-,-,-,-,1,-,-,-,-,-,-,49
"430210 BENTO GONCALVES",18,5,-,-,-,-,-,-,-,-,-,-,-,4,-,-,-,-,27
"430220 BOA VISTA DO BURICA",1,-,-,-,-,-,-,-,-,-,-,-,-,-,-,-,-,-,1
"430240 BOM RETIRO DO SUL",1,-,-,-,-,-,-,-,-,-,-,-,-,-,-,-,-,-,1
"430265 BROCHIER",1,-,-,-,-,-,-,-,-,-,-,-,-,-,-,-,-,-,1
"430270 BUTIA",4,-,-,-,-,-,-,-,-,-,-,-,-,-,-,-,-,-,4
"430280 CACAPAVA DO SUL",1,-,-,-,-,-,-,-,-,-,-,-,-,-,-,-,-,-,1
"430290 CACEQUI",1,-,-,-,-,-,-,-,-,-,-,-,-,-,-,-,-,-,1
"430300 CACHOEIRA DO SUL",2,-,-,-,-,-,-,-,-,-,-,-,-,-,-,-,-,-,2
"430310 CACHOEIRINHA",51,-,-,1,-,-,-,-,-,-,-,-,25,3,-,-,-,-,80
"430350 CAMAQUA",9,1,-,-,-,-,-,-,-,-,-,-,-,-,-,-,-,-,10
"430390 CAMPO BOM",3,2,-,-,-,-,-,-,-,-,-,-,-,-,-,-,-,-,5
"430435 CANDIOTA",2,-,-,-,-,-,-,-,-,-,-,-,-,-,-,-,-,-,2
"430440 CANELA",1,-,-,-,-,-,-,-,-,-,-,-,-,-,-,-,-,-,1
"430450 CANGUCU",4,-,-,-,-,-,-,-,-,-,-,-,-,-,-,-,-,-,4
"430460 CANOAS",65,6,-,-,-,-,-,-,-,-,-,3,7,1,-,-,-,-,82
"430463 CAPAO DA CANOA",31,1,-,-,-,-,-,-,-,-,-,-,-,-,-,-,-,-,32
"430466 CAPAO DO LEAO",15,-,-,-,-,-,-,-,-,-,-,-,-,-,-,-,-,-,15
"430467 CAPIVARI DO SUL",1,-,-,-,-,-,-,-,-,-,-,-,-,-,-,-,-,-,1
"430470 CARAZINHO",1,-,-,-,-,-,-,-,-,-,-,-,-,1,-,1,-,-,3
"430480 CARLOS BARBOSA",3,-,-,-,-,-,-,-,-,-,-,-,-,-,-,-,-,-,3
"430485 CARLOS GOMES",-,-,-,-,-,-,-,-,-,-,-,-,1,-,-,-,-,-,1
"430510 CAXIAS DO SUL",30,2,-,-,-,-,-,-,-,-,-,-,-,-,-,-,-,-,32
"430511 CENTENARIO",1,-,-,-,-,-,-,-,-,-,-,-,-,-,-,-,-,-,1
"430512 CERRITO",2,-,-,-,-,-,-,-,-,-,-,-,-,-,-,-,-,-,2
"430513 CERRO BRANCO",-,1,-,-,-,-,-,-,-,-,-,-,-,-,-,-,-,-,1
"430520 CERRO LARGO",2,1,-,-,-,-,-,-,-,-,-,-,-,-,-,-,-,-,3
"430535 CHARQUEADAS",9,3,-,-,-,-,-,-,-,-,-,-,-,-,-,-,-,-,12
"430543 CHUI",5,-,-,-,-,-,-,-,-,-,-,-,-,-,-,-,-,-,5
"430545 CIDREIRA",1,-,-,-,-,-,-,-,-,-,-,-,-,-,-,-,-,-,1
"430550 CIRIACO",1,-,-,-,-,-,-,-,-,-,-,-,-,-,-,-,-,-,1
"430558 COLINAS",1,-,-,-,-,-,-,-,-,-,-,-,-,-,-,-,-,-,1
"430560 COLORADO",1,-,-,-,-,-,-,-,-,-,-,-,-,-,-,-,-,-,1
"430595 COTIPORA",5,-,-,-,-,-,-,-,-,-,-,-,-,-,-,-,-,-,5
"430597 COXILHA",1,-,-,-,-,-,-,-,-,-,-,-,-,-,-,-,-,-,1
"430610 CRUZ ALTA",2,-,-,-,-,-,-,-,-,-,-,-,-,-,-,-,-,-,2
"430620 CRUZEIRO DO SUL",-,1,-,-,-,-,-,-,-,-,-,-,-,-,-,-,-,-,1
"430640 DOIS IRMAOS",3,-,-,-,-,-,-,-,-,-,-,-,1,-,-,-,-,-,4
"430660 DOM PEDRITO",33,-,-,-,-,-,-,-,-,-,-,-,-,-,-,-,-,-,33
"430676 ELDORADO DO SUL",6,-,-,-,-,-,-,-,-,-,-,-,-,-,-,-,-,-,6
"430700 ERECHIM",11,1,-,-,-,-,-,-,-,-,-,-,-,-,-,-,-,-,12
"430710 HERVAL",1,-,-,-,-,-,-,-,-,-,-,-,-,-,-,-,-,-,1
"430750 ESPUMOSO",2,-,-,-,-,-,-,-,-,-,-,-,-,-,-,-,-,-,2
"430760 ESTANCIA VELHA",4,-,-,-,-,-,-,-,-,-,-,-,-,-,-,-,-,-,4
"430770 ESTEIO",5,-,-,-,-,-,-,-,-,-,-,-,-,4,-,-,-,-,9
"430780 ESTRELA",1,-,-,-,-,-,-,-,-,-,-,-,-,-,-,-,-,-,1
"430790 FARROUPILHA",19,1,-,-,-,-,-,-,-,-,-,-,-,-,-,-,-,-,20
"430810 FELIZ",1,-,-,-,-,-,-,-,-,-,-,-,-,-,-,-,-,-,1
"430820 FLORES DA CUNHA",-,1,-,-,-,-,-,-,-,-,-,-,-,-,-,-,-,-,1
"430850 FREDERICO WESTPHALEN",3,-,-,-,-,-,-,-,-,-,-,-,-,-,-,-,-,-,3
"430910 GRAMADO",-,1,-,-,-,-,-,-,-,-,-,-,-,-,-,-,-,-,1
"430920 GRAVATAI",45,1,-,-,-,-,-,-,-,-,-,-,24,2,-,-,-,-,72
"430930 GUAIBA",10,-,-,-,-,-,-,-,-,-,-,-,-,-,-,-,-,-,10
"430940 GUAPORE",2,-,-,-,-,-,-,-,-,-,-,-,-,-,-,-,-,-,2
"430975 IBARAMA",-,1,-,-,-,-,-,-,-,-,-,-,-,-,-,-,-,-,1
"430990 IBIRAIARAS",1,-,-,-,-,-,-,-,-,-,-,-,-,-,-,-,-,-,1
"431000 IBIRUBA",1,-,-,-,-,-,-,-,-,-,-,-,-,-,-,-,-,-,1
"431020 IJUI",13,2,-,-,-,-,-,-,-,-,-,-,2,-,-,-,-,-,17
"431033 IMBE",17,1,-,-,-,-,-,-,-,-,-,-,-,-,-,-,-,-,18
"431043 IPE",1,-,-,-,-,-,-,-,-,-,-,-,-,-,-,-,-,-,1
"431080 IVOTI",3,2,-,-,-,-,-,-,-,-,-,-,-,-,-,-,-,-,5
"431085 JABOTICABA",1,-,-,-,-,-,-,-,-,-,-,-,-,-,-,-,-,-,1
"431100 JAGUARAO",15,-,-,-,-,-,-,-,-,-,-,-,-,-,-,-,-,-,15
"431120 JULIO DE CASTILHOS",1,-,-,-,-,-,-,-,-,-,-,-,-,-,-,-,1,-,2
"431130 LAGOA VERMELHA",1,-,-,-,-,-,-,-,-,-,-,-,1,-,-,-,-,-,2
"431140 LAJEADO",2,6,-,-,-,-,-,-,-,-,-,-,-,-,-,-,-,-,8
"431150 LAVRAS DO SUL",4,-,-,-,-,-,-,-,-,-,-,-,-,-,-,-,-,-,4
"431175 MANOEL VIANA",1,-,-,-,-,-,-,-,-,-,-,-,-,-,-,-,-,-,1
"431177 MAQUINE",5,-,-,-,-,-,-,-,-,-,-,-,-,-,-,-,-,-,5
"431180 MARAU",10,-,-,-,-,-,-,-,-,-,-,-,-,-,-,-,-,-,10
"431213 MATO CASTELHANO",3,-,-,-,-,-,-,-,-,-,-,-,-,-,-,-,-,-,3
"431220 MAXIMILIANO DE ALMEIDA",1,-,-,-,-,-,-,-,-,-,-,-,-,-,-,-,-,-,1
"431235 MONTAURI",1,-,-,-,-,-,-,-,-,-,-,-,-,-,-,-,-,-,1
"431237 MONTE ALEGRE DOS CAMPOS",1,-,-,-,-,-,-,-,-,-,-,-,-,-,-,-,-,-,1
"431240 MONTENEGRO",14,2,-,-,-,-,-,-,-,-,-,-,-,-,-,-,-,-,16
"431245 MORRO REDONDO",3,-,-,-,-,-,-,-,-,-,-,-,-,-,-,-,-,-,3
"431250 MOSTARDAS",-,1,-,-,-,-,-,-,-,-,-,-,-,-,-,-,-,-,1
"431262 MULITERNO",2,-,-,-,-,-,-,-,-,-,-,-,-,-,-,-,-,-,2
"431265 NAO-ME-TOQUE",1,-,-,-,-,-,-,-,-,-,-,-,-,-,-,-,-,-,1
"431280 NOVA ARACA",3,-,-,-,-,-,-,-,-,-,-,-,-,-,-,-,-,-,3
"431290 NOVA BASSANO",1,-,-,-,-,-,-,-,-,-,-,-,-,-,-,-,-,-,1
"431300 NOVA BRESCIA",1,-,-,-,-,-,-,-,-,-,-,-,-,-,-,-,-,-,1
"431306 NOVA HARTZ",2,-,-,-,-,-,-,-,-,-,-,-,-,-,-,-,-,-,2
"431310 NOVA PALMA",1,-,-,-,-,-,-,-,-,-,-,-,-,-,-,-,-,-,1
"431320 NOVA PETROPOLIS",2,-,-,-,-,-,-,-,-,-,-,-,-,-,-,-,-,-,2
"431335 NOVA ROMA DO SUL",33,-,-,-,-,-,-,-,-,-,-,-,-,-,-,-,-,-,33
"431337 NOVA SANTA RITA",7,-,-,-,-,-,-,-,-,-,-,-,-,-,-,-,-,-,7
"431340 NOVO HAMBURGO",18,2,-,-,-,-,-,-,-,-,-,-,-,1,-,-,-,-,21
"431350 OSORIO",19,-,-,-,-,-,-,-,-,-,-,-,-,-,-,-,-,-,19
"431365 PALMARES DO SUL",5,-,-,-,-,-,-,-,-,-,-,-,-,-,-,-,-,-,5
"431370 PALMEIRA DAS MISSOES",9,-,-,-,-,-,-,-,-,-,-,-,-,-,-,-,-,-,9
"431380 PALMITINHO",1,-,-,-,-,-,-,-,-,-,-,-,-,-,-,-,-,-,1
"431403 PARECI NOVO",1,-,-,-,-,-,-,-,-,-,-,-,-,-,-,-,-,-,1
"431410 PASSO FUNDO",146,2,-,-,-,-,-,-,-,-,-,-,-,-,-,-,-,-,148
"431440 PELOTAS",335,-,-,-,-,-,-,-,-,-,-,-,-,-,-,-,-,-,335
"431450 PINHEIRO MACHADO",1,-,-,-,-,-,-,-,-,-,-,-,-,-,-,-,-,-,1
"431460 PIRATINI",10,-,-,-,-,-,-,-,-,-,-,-,-,-,-,-,-,-,10
"431480 PORTAO",2,-,-,-,-,-,-,-,-,-,-,-,-,-,-,-,-,-,2
"431490 PORTO ALEGRE",1069,72,-,7,4,-,-,-,-,-,-,37,29,7,-,-,-,-,1225
"431530 QUARAI",1,-,-,-,-,-,-,-,-,-,-,-,-,-,-,-,-,-,1
"431560 RIO GRANDE",180,-,-,-,-,-,-,-,-,-,-,-,-,-,-,-,-,1,181
"431600 ROLANTE",5,-,-,-,-,-,-,-,-,-,-,-,-,-,-,-,-,-,5
"431645 SALTO DO JACUI",1,-,-,-,-,-,-,-,-,-,-,-,-,-,-,-,-,-,1
"431660 SANANDUVA",2,-,-,-,-,-,-,-,-,-,-,-,-,-,-,-,-,-,2
"431680 SANTA CRUZ DO SUL",11,16,-,-,-,-,-,-,-,-,-,-,-,-,-,-,-,-,27
"431690 SANTA MARIA",4,-,1,-,-,-,-,-,-,-,-,-,-,-,-,-,-,-,5
"431710 SANT'ANA DO LIVRAMENTO",14,-,-,-,-,-,-,-,-,-,-,-,-,-,-,-,-,-,14
"431720 SANTA ROSA",4,3,-,-,-,-,-,-,-,-,-,-,-,-,-,-,-,-,7
"431730 SANTA VITORIA DO PALMAR",5,-,-,-,-,-,-,-,-,-,-,-,-,-,-,-,-,-,5
"431760 SANTO ANTONIO DA PATRULHA",12,-,-,-,-,-,-,-,-,-,-,-,1,-,-,-,-,-,13
"431800 SAO BORJA",-,1,-,-,-,-,-,-,-,-,-,1,-,-,-,-,-,-,2
"431805 SAO DOMINGOS DO SUL",1,-,-,-,-,-,-,-,-,-,-,-,-,-,-,-,-,-,1
"431830 SAO GABRIEL",8,-,-,-,-,-,-,-,-,-,-,-,-,-,-,-,-,-,8
"431840 SAO JERONIMO",9,-,-,-,-,-,-,-,-,-,-,-,-,-,-,-,1,-,10
"431850 SAO JOSE DO NORTE",8,-,-,-,-,-,-,-,-,-,-,-,-,-,-,-,-,-,8
"431861 SAO JOSE DO SUL",1,-,-,-,-,-,-,-,-,-,-,-,-,-,-,-,-,-,1
"431870 SAO LEOPOLDO",20,1,-,-,-,-,-,-,-,-,-,-,1,7,-,-,-,-,29
"431880 SAO LOURENCO DO SUL",4,-,-,-,-,-,-,-,-,-,-,-,-,-,-,-,-,-,4
"431935 SAO PEDRO DA SERRA",2,-,-,-,-,-,-,-,-,-,-,-,-,-,-,-,-,-,2
"431950 SAO SEBASTIAO DO CAI",-,1,-,-,-,-,-,-,-,-,-,-,-,-,-,-,-,-,1
"431975 SAO VENDELINO",2,-,-,-,-,-,-,-,-,-,-,-,-,-,-,-,-,-,2
"431990 SAPIRANGA",3,1,-,-,-,-,-,-,-,-,-,-,-,-,-,-,-,-,4
"432000 SAPUCAIA DO SUL",11,1,-,-,-,-,-,-,-,-,-,-,2,6,-,-,-,-,20
"432010 SARANDI",2,-,-,-,-,-,-,-,-,-,-,-,-,-,-,-,-,-,2
"432032 SENADOR SALGADO FILHO",-,2,-,-,-,-,-,-,-,-,-,-,-,-,-,-,-,-,2
"432040 SERAFINA CORREA",1,-,-,-,-,-,-,-,-,-,-,-,-,-,-,-,-,-,1
"432080 SOLEDADE",4,-,-,-,-,-,-,-,-,-,-,-,-,-,-,-,-,-,4
"432090 TAPEJARA",5,-,-,-,-,-,-,-,-,-,-,-,-,-,-,-,-,-,5
"432110 TAPES",1,-,-,-,-,-,-,-,-,-,-,-,-,-,-,-,-,-,1
"432120 TAQUARA",8,-,-,-,-,-,-,-,-,-,-,-,-,-,-,-,-,-,8
"432130 TAQUARI",-,1,-,-,-,-,-,-,-,-,-,-,-,-,-,-,-,-,1
"432143 TERRA DE AREIA",18,-,-,-,-,-,-,-,-,-,-,-,-,-,-,-,-,-,18
"432145 TEUTONIA",3,-,-,-,-,-,-,-,-,-,-,-,-,-,-,-,-,-,3
"432149 TOROPI",-,1,-,-,-,-,-,-,-,-,-,-,-,-,-,-,-,-,1
"432150 TORRES",2,-,-,-,-,-,-,-,-,-,-,-,-,-,-,1,-,-,3
"432160 TRAMANDAI",16,-,-,-,-,-,-,-,-,-,-,-,3,-,-,-,-,-,19
"432180 TRES DE MAIO",2,-,-,-,-,-,-,-,-,-,-,-,-,-,-,-,-,-,2
"432195 TRINDADE DO SUL",-,-,-,-,-,-,-,-,-,-,-,-,2,-,-,-,-,-,2
"432200 TRIUNFO",3,-,-,-,-,-,-,-,-,-,-,-,-,-,-,-,-,-,3
"432215 TUNAS",1,-,-,-,-,-,-,-,-,-,-,-,-,-,-,-,-,-,1
"432230 TUPARENDI",1,-,-,-,-,-,-,-,-,-,-,-,-,-,-,-,-,-,1
"432240 URUGUAIANA",1,-,-,-,1,-,-,-,-,-,-,-,-,-,-,-,-,-,2
"432250 VACARIA",2,1,-,-,-,-,-,-,-,-,-,1,-,-,-,-,-,-,4
"432252 VALE VERDE",-,2,-,-,-,-,-,-,-,-,-,-,-,-,-,-,-,-,2
"432260 VENANCIO AIRES",13,52,-,-,-,-,-,-,-,-,-,-,-,-,-,-,-,-,65
"432280 VERANOPOLIS",5,-,-,-,-,-,-,-,-,-,-,-,-,-,-,-,-,-,5
"432300 VIAMAO",18,2,-,-,2,-,-,-,-,-,-,3,1,-,-,-,-,-,26
"432380 XANGRI-LA",9,-,-,-,-,-,-,-,-,-,-,-,-,-,-,-,-,-,9
"500100 APARECIDA DO TABOADO",-,7,-,-,-,-,-,-,-,-,-,-,-,-,-,-,-,-,7
"500110 AQUIDAUANA",-,-,-,-,-,-,-,-,-,-,-,-,-,-,-,-,2,-,2
"500190 BATAGUASSU",-,1,-,-,-,-,-,-,-,-,-,-,-,-,-,-,-,-,1
"500210 BELA VISTA",2,-,-,-,-,-,-,-,-,-,-,-,-,-,-,-,-,-,2
"500240 CAARAPO",1,2,-,-,-,-,-,-,-,-,-,-,-,-,-,-,-,-,3
"500270 CAMPO GRANDE",12,3,-,-,1,-,-,-,-,-,-,-,1,9,-,-,-,-,26
"500290 CASSILANDIA",-,1,-,-,-,-,-,-,-,-,-,-,-,-,-,-,-,-,1
"500295 CHAPADAO DO SUL",-,1,-,-,-,-,-,-,-,-,-,-,-,-,-,-,-,-,1
"500315 CORONEL SAPUCAIA",-,2,-,-,-,-,-,-,-,-,-,-,-,-,-,-,-,-,2
"500320 CORUMBA",2,1,-,-,-,-,-,-,-,-,-,-,-,-,-,-,-,-,3
"500345 DEODAPOLIS",2,-,-,-,-,-,-,-,-,-,-,-,-,-,-,-,-,-,2
"500370 DOURADOS",-,12,-,-,-,-,-,-,-,-,-,-,-,1,-,-,-,-,13
"500470 IVINHEMA",-,1,-,-,-,-,-,-,-,-,-,-,-,-,-,-,-,-,1
"500500 JARDIM",-,1,-,-,-,-,-,-,-,-,-,-,-,-,-,-,-,-,1
"500540 MARACAJU",1,2,-,-,-,-,-,-,-,-,-,-,-,-,-,-,-,1,4
"500560 MIRANDA",-,1,-,-,-,-,-,-,-,-,-,-,-,-,-,-,-,-,1
"500570 NAVIRAI",-,1,-,-,-,-,-,-,-,-,-,-,-,-,-,-,-,-,1
"500600 NOVA ALVORADA DO SUL",1,1,-,-,-,-,-,-,-,-,-,-,-,-,-,-,-,-,2
"500620 NOVA ANDRADINA",3,-,1,-,-,-,-,-,-,-,-,-,-,-,-,-,-,-,4
"500630 PARANAIBA",-,1,-,-,-,-,-,-,-,-,-,-,-,-,-,-,-,-,1
"500730 RIO NEGRO",2,1,-,-,-,-,-,-,-,-,-,-,-,-,-,-,-,-,3
"500740 RIO VERDE DE MATO GROSSO",-,3,-,-,-,-,-,-,-,-,-,-,-,-,-,-,-,-,3
"500795 TACURU",-,2,-,-,-,-,-,-,-,-,-,-,-,-,-,-,-,-,2
"500830 TRES LAGOAS",6,26,-,-,-,-,-,-,-,-,-,-,1,-,-,-,-,-,33
"510010 ACORIZAL",-,1,1,-,-,-,-,-,-,-,-,-,-,-,-,-,-,-,2
"510025 ALTA FLORESTA",1,-,-,-,-,-,-,-,-,-,-,-,-,-,-,-,-,-,1
"510125 ARAPUTANGA",1,1,-,-,-,-,-,-,-,-,-,-,-,-,-,-,-,-,2
"510180 BARRA DO GARCAS",5,-,-,-,-,-,-,-,-,-,-,-,-,-,-,-,-,-,5
"510250 CACERES",-,-,-,-,-,-,-,-,-,-,-,-,-,-,1,-,1,-,2
"510267 CAMPO VERDE",4,2,-,-,-,-,-,-,-,-,-,-,-,-,-,-,-,-,6
"510320 COLIDER",1,2,-,-,-,-,-,-,-,-,-,-,-,-,-,-,-,-,3
"510325 COLNIZA",-,-,-,-,-,-,-,-,-,-,-,-,-,1,-,-,-,-,1
"510330 COMODORO",2,1,-,-,-,-,-,-,-,-,-,-,-,-,-,-,-,-,3
"510337 COTRIGUACU",-,-,-,-,-,-,-,-,-,-,-,1,-,-,-,-,-,-,1
"510340 CUIABA",8,30,1,-,1,-,-,-,-,-,-,-,-,-,-,-,-,1,41
"510350 DIAMANTINO",1,-,-,-,-,-,-,-,-,-,-,-,-,-,-,-,-,-,1
"510480 JACIARA",-,1,-,-,-,-,-,-,-,-,-,-,-,-,-,-,-,-,1
"510500 JAURU",-,-,-,-,-,-,-,-,1,-,-,-,-,-,-,-,-,-,1
"510515 JUINA",1,2,-,-,-,-,-,-,-,-,-,-,-,-,-,-,-,-,3
"510517 JURUENA",1,-,-,-,-,-,-,-,-,-,-,-,-,-,-,-,-,-,1
"510525 LUCAS DO RIO VERDE",8,14,-,-,-,-,-,-,-,-,-,-,-,1,-,-,-,-,23
"510619 NOVA SANTA HELENA",1,1,-,1,-,-,-,-,-,-,-,-,-,-,-,-,-,-,3
"510621 NOVA CANAA DO NORTE",-,-,-,-,-,-,-,-,-,-,-,-,-,1,-,-,-,-,1
"510622 NOVA MUTUM",3,-,-,-,-,-,-,-,-,-,-,-,-,-,-,-,-,-,3
"510624 NOVA UBIRATA",-,-,-,-,-,-,-,-,-,-,-,-,-,-,1,-,-,-,1
"510625 NOVA XAVANTINA",1,-,-,-,-,-,-,-,-,-,-,-,-,-,-,-,-,-,1
"510627 NOVO HORIZONTE DO NORTE",1,-,-,-,-,-,-,-,-,-,-,-,-,-,-,-,-,-,1
"510630 PARANATINGA",-,1,-,-,-,-,-,-,-,-,-,-,-,-,-,-,-,-,1
"510642 PEIXOTO DE AZEVEDO",1,-,-,-,-,-,-,-,-,-,-,-,-,-,-,-,-,-,1
"510710 SAO JOSE DOS QUATRO MARCOS",-,1,-,-,-,-,-,-,-,-,-,-,-,-,-,-,-,-,1
"510720 RIO BRANCO",-,4,-,-,-,-,-,-,-,-,-,-,-,1,-,1,-,-,6
"510729 SAO JOSE DO POVO",-,1,-,-,-,-,-,-,-,-,-,-,-,-,-,-,-,-,1
"510760 RONDONOPOLIS",-,-,-,-,-,-,-,-,-,-,-,1,-,-,-,-,-,-,1
"510785 SAO FELIX DO ARAGUAIA",-,-,-,-,-,-,-,-,-,-,-,-,-,-,1,-,-,-,1
"510787 SAPEZAL",-,-,-,-,-,-,-,-,-,-,-,-,1,-,-,-,-,-,1
"510788 SERRA NOVA DOURADA",-,1,-,-,-,-,-,-,-,-,-,-,-,-,-,-,-,-,1
"510790 SINOP",-,-,-,1,-,-,-,-,-,-,-,-,-,-,-,3,-,-,4
"510792 SORRISO",57,21,-,-,-,-,-,-,-,-,-,-,-,-,-,-,-,-,78
"510795 TANGARA DA SERRA",1,-,-,-,-,-,-,-,-,-,-,-,-,-,-,-,-,-,1
"510820 TORIXOREU",-,1,1,-,-,-,-,-,-,-,-,-,-,-,-,-,-,-,2
"510840 VARZEA GRANDE",2,8,-,-,-,-,-,-,-,-,-,1,-,-,-,-,-,-,11
"510850 VERA",-,1,-,-,-,-,-,-,-,-,-,-,-,-,-,-,-,-,1
"510885 NOVA MARILANDIA",-,1,-,-,-,-,-,-,-,-,-,-,-,-,-,-,-,-,1
"510890 NOVA MARINGA",1,-,-,-,-,-,-,-,-,-,-,-,-,-,-,-,-,-,1
"520025 AGUAS LINDAS DE GOIAS",2,-,-,-,-,-,-,-,-,-,-,-,-,-,-,-,-,-,2
"520080 ALVORADA DO NORTE",-,-,1,-,-,-,-,-,-,-,-,-,-,-,-,-,-,-,1
"520110 ANAPOLIS",20,5,1,-,-,-,-,-,-,-,-,-,1,-,-,-,-,-,27
"520140 APARECIDA DE GOIANIA",8,3,-,-,-,-,-,-,-,-,-,-,2,1,-,-,-,-,14
"520330 BELA VISTA DE GOIAS",1,1,-,-,-,-,-,-,-,-,-,-,-,-,-,-,-,-,2
"520340 BOM JARDIM DE GOIAS",-,1,-,-,-,-,-,-,-,-,-,-,-,-,-,-,-,-,1
"520485 CAMPO LIMPO DE GOIAS",5,-,-,-,-,-,-,-,-,-,-,-,-,-,-,-,-,-,5
"520500 CARMO DO RIO VERDE",1,1,-,-,-,-,-,-,-,-,-,-,-,-,-,-,-,-,2
"520510 CATALAO",8,2,-,-,-,-,-,-,-,-,-,-,-,-,-,-,-,-,10
"520540 CERES",-,-,-,-,-,-,-,-,-,-,-,-,-,-,-,-,1,-,1
"520547 CHAPADAO DO CEU",-,-,-,-,-,-,-,-,-,-,-,-,-,-,-,1,-,-,1
"520549 CIDADE OCIDENTAL",6,1,-,-,-,-,-,-,-,-,-,-,-,-,-,-,-,-,7
"520551 COCALZINHO DE GOIAS",2,-,1,-,-,-,-,-,-,-,-,-,-,-,-,-,-,-,3
"520620 CRISTALINA",-,-,-,-,-,-,1,-,-,-,-,-,-,-,1,-,-,-,2
"520640 CRIXAS",2,-,-,-,-,-,-,-,-,-,-,-,-,-,-,-,-,-,2
"520650 CROMINIA",-,1,-,-,-,-,-,-,-,-,-,-,-,-,-,-,-,-,1
"520710 DIORAMA",1,-,-,-,-,-,-,-,-,-,-,-,-,-,-,-,-,-,1
"520735 EDEALINA",-,1,-,-,-,-,-,-,-,-,-,-,-,-,-,-,-,-,1
"520800 FORMOSA",-,-,-,-,-,-,-,-,-,-,-,-,-,-,1,-,-,-,1
"520815 GAMELEIRA DE GOIAS",-,1,-,-,-,-,-,-,-,-,-,-,-,-,-,-,-,-,1
"520870 GOIANIA",61,24,-,1,-,-,-,2,1,-,-,1,8,3,-,1,-,-,102
"520890 GOIAS",-,-,-,-,-,-,1,-,-,-,-,-,-,-,-,-,-,-,1
"521000 INHUMAS",1,-,-,-,-,-,-,-,-,-,-,-,-,-,-,-,-,-,1
"521056 ITAGUARI",-,-,2,-,-,-,-,-,-,-,-,-,-,-,-,-,-,-,2
"521080 ITAJA",-,-,1,-,-,-,-,-,-,-,-,-,-,-,-,-,-,-,1
"521120 ITAPURANGA",-,1,-,-,-,-,-,-,-,-,-,-,-,-,-,-,-,-,1
"521150 ITUMBIARA",-,1,-,-,1,-,-,-,-,-,-,-,-,-,-,-,-,-,2
"521180 JARAGUA",1,1,-,-,-,-,-,-,-,-,1,-,-,-,-,-,-,-,3
"521190 JATAI",3,-,-,-,-,-,-,-,-,-,-,-,-,-,-,-,-,-,3
"521250 LUZIANIA",108,-,1,-,-,-,-,-,-,-,-,-,1,1,-,-,-,-,111
"521270 MAMBAI",-,-,-,-,-,-,-,-,-,-,-,-,-,-,-,-,2,-,2
"521300 MAURILANDIA",-,2,-,-,-,-,-,-,-,-,-,-,-,-,-,-,-,-,2
"521308 MINACU",-,-,-,-,-,-,-,-,-,-,2,-,-,-,-,-,-,-,2
"521310 MINEIROS",2,-,-,-,-,-,-,-,-,-,-,-,-,-,-,-,-,-,2
"521350 MONTE ALEGRE DE GOIAS",-,-,1,-,-,-,-,-,-,-,-,-,-,-,-,-,-,-,1
"521375 MONTIVIDIU",1,-,-,-,-,-,-,-,-,-,-,-,-,-,-,-,-,-,1
"521380 MORRINHOS",-,1,-,-,-,-,-,-,-,-,-,-,-,-,-,-,1,-,2
"521410 MUTUNOPOLIS",-,1,-,-,-,-,-,-,-,-,-,-,-,-,-,-,-,-,1
"521440 NAZARIO",-,-,1,-,-,-,-,-,-,-,-,-,-,-,-,-,-,-,1
"521450 NEROPOLIS",1,-,-,-,-,-,-,-,-,-,-,-,-,-,-,-,-,-,1
"521523 NOVO GAMA",9,2,-,-,-,-,-,-,-,-,-,-,-,-,-,-,-,-,11
"521530 ORIZONA",1,-,-,-,-,-,-,-,-,-,-,-,-,-,-,-,-,-,1
"521550 OUVIDOR",2,1,-,-,-,-,-,-,-,-,-,-,-,-,-,-,-,-,3
"521560 PADRE BERNARDO",3,-,-,-,-,-,-,-,-,-,-,-,-,-,-,-,-,-,3
"521710 PIRACANJUBA",1,-,-,-,-,-,-,-,-,-,-,-,-,-,-,-,-,-,1
"521720 PIRANHAS",-,-,1,-,-,-,-,-,-,-,-,-,-,-,-,-,-,-,1
"521800 PORANGATU",-,1,-,-,-,-,-,-,-,-,1,-,-,-,-,-,-,-,2
"521830 POSSE",-,-,-,-,-,-,-,-,-,-,-,-,1,-,-,-,-,-,1
"521860 RIALMA",-,-,-,-,-,-,-,-,-,-,-,-,-,1,-,-,-,-,1
"521880 RIO VERDE",-,-,-,-,-,-,-,-,-,-,1,-,-,-,-,-,-,-,1
"521973 SANTO ANTONIO DE GOIAS",2,-,-,-,-,-,-,-,-,-,-,-,-,-,-,-,-,-,2
"521975 SANTO ANTONIO DO DESCOBERTO",-,1,-,-,-,-,-,-,-,-,-,-,-,-,-,-,-,-,1
"521990 SAO FRANCISCO DE GOIAS",1,-,-,-,-,-,-,-,-,-,1,-,-,-,-,-,-,-,2
"522010 SAO LUIS DE MONTES BELOS",-,-,-,-,-,-,-,-,-,1,2,-,-,-,-,-,-,-,3
"522045 SENADOR CANEDO",1,-,1,-,-,-,-,-,-,-,-,-,-,-,-,-,-,-,2
"522060 SILVANIA",-,-,1,-,-,-,-,-,-,-,-,-,-,-,-,-,-,-,1
"522155 TURVELANDIA",-,1,-,-,-,-,-,-,-,-,-,-,-,-,-,-,-,-,1
"522185 VALPARAISO DE GOIAS",23,2,-,-,-,-,-,-,-,-,-,-,-,-,-,-,-,-,25
"522200 VIANOPOLIS",1,1,-,-,-,-,-,-,-,-,-,-,-,-,-,-,-,-,2
"530010 BRASILIA",442,110,4,-,2,1,1,-,-,-,-,1,12,6,1,1,-,-,581
"Total",8311,2335,54,112,69,10,215,857,241,18,23,9338,21452,8170,723,128,34,19,52109